Nome;Stagione;QI;QA;Diff;VI;VA;VFA
SPORTIELLO;2019-20;1;2;1;0,1;0,15;0,12
MIRANTE;2019-20;1;1;0;0,05;0,05;0,05
SKORUPSKI;2019-20;10;7;-3;0,5;0,35;0,42
SEPE;2019-20;14;13;-1;0,15;0,1;0,12
PERIN;2019-20;1;4;3;0,15;0,3;0,23
HANDANOVIC;2019-20;18;15;-3;1,9;1,75;1,82
BUFFON;2019-20;4;6;2;0,6;0,7;0,65
BERISHA E;2019-20;8;9;1;0,3;0,35;0,32
DONNARUMMA G.;2019-20;15;12;-3;1,6;1,45;1,53
GABRIEL;2019-20;6;8;2;0,25;0,35;0,3
REINA;2019-20;1;1;0;0,1;0,1;0,1
SZCZESNY;2019-20;16;14;-2;2,4;2,3;2,35
CONSIGLI;2019-20;10;8;-2;0,25;0,15;0,2
PADELLI;2019-20;1;1;0;0,1;0,1;0,1
KARNEZIS;2019-20;1;1;0;0,15;0,15;0,15
MERET;2019-20;13;8;-5;1,75;1,5;1,62
GOLLINI;2019-20;13;9;-4;1,25;1,05;1,15
AUDERO;2019-20;10;7;-3;0,55;0,4;0,48
RADU I.;2019-20;5;4;-1;0,25;0,2;0,23
DRAGOWSKI;2019-20;10;10;0;0,5;0,5;0,5
PINSOGLIO;2019-20;1;1;0;0,15;0,15;0,15
STRAKOSHA;2019-20;14;16;2;1,1;1,2;1,15
CRAGNO;2019-20;11;1;-10;0,5;0,05;0,28
SIRIGU;2019-20;14;9;-5;1,35;1,1;1,23
OSPINA;2019-20;3;4;1;0,4;0,45;0,43
PROTO;2019-20;1;1;0;0,1;0,1;0,1
MUSSO;2019-20;9;10;1;0,45;0,5;0,47
TERRACCIANO;2019-20;1;1;0;0,05;0,05;0,05
OLSEN;2019-20;1;9;8;0,05;0,45;0,25
PAU LOPEZ;2019-20;13;9;-4;0,85;0,65;0,75
JORONEN;2019-20;8;9;1;0,25;0,3;0,28
CONTI;2019-20;5;3;-2;0,55;0,45;0,5
MASIELLO;2019-20;7;2;-5;0,25;0,05;0,15
GAGLIOLO;2019-20;9;9;0;0,35;0,35;0,35
CACCIATORE;2019-20;8;2;-6;0,4;0,1;0,25
HYSAJ;2019-20;7;2;-5;0,95;0,7;0,82
MARIO RUI;2019-20;5;3;-2;0,7;0,6;0,65
TONELLI;2019-20;5;3;-2;0,7;0,6;0,65
IZZO;2019-20;17;6;-11;1,1;0,55;0,83
GHIGLIONE;2019-20;5;11;6;0,15;0,45;0,3
BIRAGHI;2019-20;10;6;-4;0,2;0,05;0,12
D'AMBROSIO;2019-20;12;6;-6;0,9;0,6;0,75
BONUCCI;2019-20;20;19;-1;2,5;2,45;2,48
RUGANI;2019-20;7;1;-6;1,05;0,75;0,9
ASAMOAH;2019-20;7;5;-2;0,15;0,05;0,1
DE VRIJ;2019-20;13;19;6;1,9;2,2;2,05
RADU;2019-20;6;7;1;0,4;0,45;0,43
CALABRIA;2019-20;9;3;-6;0,95;0,65;0,8
DE SCIGLIO;2019-20;2;1;-1;0,6;0,55;0,57
ZAPATA C.;2019-20;9;2;-7;1,2;0,85;1,02
GHOULAM;2019-20;12;1;-11;1,6;1,05;1,33
KOULIBALY;2019-20;14;3;-11;1,9;1,35;1,62
MANOLAS;2019-20;14;10;-4;1,35;1,15;1,25
ROMAGNOLI;2019-20;9;10;1;1,05;1,1;1,08
FLORENZI;2019-20;6;5;-1;0,25;0,2;0,23
DE SILVESTRI;2019-20;11;4;-7;1,05;0,7;0,88
ACERBI;2019-20;14;17;3;1,1;1,25;1,18
DELL'ORCO;2019-20;5;1;-4;0,2;0,05;0,12
PELUSO;2019-20;4;2;-2;0,25;0,15;0,2
MAKSIMOVIC;2019-20;5;6;1;0,7;0,75;0,72
ZAPPACOSTA;2019-20;9;1;-8;0,9;0,5;0,7
FARAONI;2019-20;5;15;10;0,4;0,9;0,65
CHIRICHES;2019-20;4;1;-3;0,15;0,05;0,1
ALEX SANDRO;2019-20;7;8;1;1,5;1,55;1,52
TOLOI;2019-20;9;12;3;0,85;1;0,93
FELIPE;2019-20;6;2;-4;0,65;0,45;0,55
PEZZELLA GIU.;2019-20;5;2;-3;0,1;0,05;0,08
CIONEK;2019-20;6;3;-3;0,25;0,1;0,17
DJIMSITI;2019-20;8;10;2;0,75;0,85;0,8
SAMIR;2019-20;3;2;-1;0,05;0,05;0,05
SABELLI;2019-20;6;7;1;0,2;0,25;0,23
SKRINIAR;2019-20;15;9;-6;1,35;1,05;1,2
ADJAPONG;2019-20;3;1;-2;0,2;0,1;0,15
CALDARA;2019-20;4;1;-3;0,45;0,3;0,38
SPINAZZOLA;2019-20;7;8;1;0,45;0,5;0,47
BRUNO ALVES;2019-20;9;8;-1;0,25;0,2;0,23
CEPPITELLI;2019-20;7;5;-2;0,1;0,05;0,08
PAJAC;2019-20;5;2;-3;0,15;0,05;0,1
FERRARI G.;2019-20;2;3;1;0,05;0,1;0,08
MARTELLA;2019-20;6;3;-3;0,35;0,2;0,27
BARRECA;2019-20;6;2;-4;0,15;0,05;0,1
LUKAKU J.;2019-20;3;2;-1;0,25;0,2;0,23
LIROLA;2019-20;10;7;-3;0,55;0,4;0,48
FAZIO;2019-20;3;2;-1;0,3;0,25;0,28
BASTOS;2019-20;5;3;-2;0,4;0,3;0,35
BIRASCHI;2019-20;8;3;-5;0,6;0,35;0,47
BERESZYNSKI;2019-20;5;3;-2;0,25;0,15;0,2
BASTONI;2019-20;4;7;3;0,4;0,55;0,48
HATEBOER;2019-20;15;6;-9;1,45;1;1,23
DEPAOLI;2019-20;6;3;-3;0,3;0,15;0,22
GOSENS;2019-20;22;29;7;1,3;1,65;1,48
MILENKOVIC;2019-20;11;14;3;0,55;0,7;0,62
MUSACCHIO;2019-20;3;3;0;0,15;0,15;0,15
LYANCO;2019-20;8;2;-6;0,75;0,45;0,6
PALOMINO;2019-20;4;5;1;0,25;0,3;0,28
BONIFAZI;2019-20;10;5;-5;0,95;0,7;0,82
CASTAGNE;2019-20;13;9;-4;1,25;1,05;1,15
KOLAROV;2019-20;17;14;-3;1,25;1,1;1,18
LUCIONI;2019-20;5;7;2;0,35;0,45;0,4
VICARI;2019-20;5;5;0;0,2;0,2;0,2
ROMAGNA;2019-20;4;5;1;0,05;0,1;0,08
N'KOULOU;2019-20;15;4;-11;1,45;0,9;1,17
DALBERT;2019-20;4;8;4;0,4;0,6;0,5
MANCINI;2019-20;13;9;-4;1,35;1,15;1,25
PEZZELLA GER.;2019-20;9;9;0;0,45;0,45;0,45
STRYGER LARSEN;2019-20;8;10;2;0,2;0,3;0,25
ROGERIO;2019-20;7;1;-6;0,2;0,05;0,12
LUIZ FELIPE;2019-20;7;7;0;1,45;1,45;1,45
MARLON;2019-20;6;4;-2;0,35;0,25;0,3
DARMIAN;2019-20;9;8;-1;0,5;0,45;0,47
GODIN;2019-20;14;6;-8;0,85;0,45;0,65
KJAER;2019-20;8;2;-6;0,75;0,45;0,6
PELLEGRINI LU.;2019-20;6;8;2;0,3;0,4;0,35
DIJKS;2019-20;8;1;-7;0,45;0,1;0,28
CRISCITO;2019-20;16;14;-2;0,4;0,3;0,35
MAGNANI;2019-20;6;1;-5;0,2;0,05;0,12
COLLEY;2019-20;6;4;-2;0,25;0,15;0,2
BREMER;2019-20;4;2;-2;0,4;0,3;0,35
TER AVEST;2019-20;4;1;-3;0,3;0,15;0,22
DI LORENZO;2019-20;12;10;-2;1,6;1,5;1,55
MALCUIT;2019-20;8;2;-6;1,1;0,8;0,95
AINA;2019-20;3;3;0;0,85;0,85;0,85
DJIDJI;2019-20;8;2;-6;0,75;0,45;0,6
TROOST-EKONG;2019-20;5;5;0;0,3;0,3;0,3
KLAVAN;2019-20;6;3;-3;0,05;0,05;0,05
DANILO;2019-20;13;6;-7;1,95;1,6;1,77
SMALLING;2019-20;11;16;5;1,1;1,35;1,23
HERNANDEZ T.;2019-20;8;20;12;0,85;1,45;1,15
ROMERO;2019-20;9;5;-4;0,25;0,05;0,15
DEMIRAL;2019-20;4;3;-1;0,85;0,8;0,82
MATEJU;2019-20;6;3;-3;0,3;0,15;0,22
VAVRO;2019-20;9;2;-7;1,2;0,85;1,02
IGOR;2019-20;7;5;-2;0,25;0,15;0,2
RRAHMANI;2019-20;6;9;3;0,45;0,6;0,53
RODRIGO BECAO;2019-20;8;4;-4;0,4;0,2;0,3
DENSWIL;2019-20;3;3;0;0,05;0,05;0,05
TOMIYASU;2019-20;5;5;0;0,25;0,25;0,25
TOLJAN;2019-20;9;9;0;1,35;1,35;1,35
DE LIGT;2019-20;13;9;-4;1,95;1,75;1,85
CHANCELLOR;2019-20;6;7;1;0,25;0,3;0,28
OKOLI;2019-20;1;1;0;0,25;0,25;0,25
CISTANA;2019-20;7;6;-1;0,2;0,15;0,18
DUARTE;2019-20;9;1;-8;1;0,6;0,8
MULDUR;2019-20;5;4;-1;0,15;0,1;0,12
D'ALESSANDRO;2019-20;1;1;0;0,15;0,15;0,15
DE ROON;2019-20;11;10;-1;1,05;1;1,02
GOMEZ;2019-20;27;33;6;1,9;2,2;2,05
GRASSI;2019-20;7;5;-2;0,4;0,3;0,35
KURTIC;2019-20;16;12;-4;0,6;0,4;0,5
DIAWARA;2019-20;9;5;-4;0,95;0,75;0,85
MANCOSU;2019-20;8;22;14;0,75;1,45;1,1
BIRSA;2019-20;7;1;-6;0,35;0,05;0,2
CASTRO;2019-20;13;13;0;0,35;0,35;0,35
KRUNIC;2019-20;13;2;-11;1,4;0,85;1,12
SAPONARA;2019-20;11;3;-8;0,8;0,4;0,6
ZIELINSKI;2019-20;17;10;-7;2,3;1,95;2,12
BADELJ;2019-20;6;5;-1;0,4;0,35;0,38
PETRICCIONE;2019-20;5;8;3;0,35;0,5;0,42
VECINO;2019-20;9;10;1;0,95;1;0,97
BERNARDESCHI;2019-20;20;3;-17;3;2,15;2,58
KUCKA;2019-20;14;16;2;0,15;0,25;0,2
LAXALT;2019-20;5;3;-2;0,5;0,4;0,45
LAZOVIC;2019-20;11;14;3;0,15;0,3;0,23
PEROTTI;2019-20;14;14;0;0,9;0,9;0,9
RINCON;2019-20;11;8;-3;0,3;0,15;0,22
BROZOVIC;2019-20;12;19;7;0,75;1,1;0,93
MEDEL;2019-20;5;2;-3;0,25;0,1;0,17
KHEDIRA;2019-20;8;4;-4;0,9;0,7;0,8
BIGLIA;2019-20;9;1;-8;0,95;0,55;0,75
CANDREVA;2019-20;10;18;8;1,05;1,45;1,25
LULIC;2019-20;13;7;-6;1;0,7;0,85
PAROLO;2019-20;15;5;-10;1,15;0,65;0,9
BONAVENTURA;2019-20;18;10;-8;1,95;1,55;1,75
POLI;2019-20;10;10;0;0,55;0,55;0,55
VERDI;2019-20;17;8;-9;1,65;1,2;1,42
ALLAN;2019-20;15;7;-8;1;0,6;0,8
CALLEJON;2019-20;21;14;-7;1,3;0,95;1,12
JAJALO;2019-20;5;4;-1;0,3;0,25;0,28
NAINGGOLAN;2019-20;16;26;10;1,3;1,8;1,55
PJANIC;2019-20;15;18;3;2,2;2,35;2,28
DUNCAN;2019-20;11;11;0;1,55;1,55;1,55
MISSIROLI;2019-20;7;7;0;0,25;0,25;0,25
PELLEGRINI LO.;2019-20;13;18;5;0,85;1,1;0,98
BASELLI;2019-20;11;7;-4;0,7;0,5;0,6
BENASSI;2019-20;4;7;3;0,35;0,5;0,42
ROMULO;2019-20;9;10;1;0,3;0,35;0,32
IONITA;2019-20;8;5;-3;0,25;0,1;0,17
ZACCAGNI;2019-20;10;13;3;0,75;0,9;0,82
FARES;2019-20;7;1;-6;0,25;0,05;0,15
PULGAR;2019-20;15;15;0;0,75;0,75;0,75
MILINKOVIC-SAVIC;2019-20;23;18;-5;1,8;1,55;1,68
CUADRADO;2019-20;8;7;-1;1;0,95;0,97
ANSALDI;2019-20;15;17;2;0,5;0,6;0,55
CRISTANTE;2019-20;9;5;-4;1,45;1,25;1,35
FREULER;2019-20;13;13;0;1,25;1,25;1,25
GAGLIARDINI;2019-20;9;10;1;0,4;0,45;0,43
LOCATELLI;2019-20;12;8;-4;0,4;0,2;0,3
KESSIE';2019-20;11;4;-7;1;0,65;0,82
DI FRANCESCO F;2019-20;12;11;-1;1,4;1,35;1,38
BARELLA;2019-20;18;11;-7;3,35;3;3,17
MANDRAGORA;2019-20;6;7;1;0,35;0,4;0,38
SENSI;2019-20;14;16;2;1,45;1,55;1,5
FOFANA;2019-20;12;10;-2;0,6;0,5;0,55
JANKTO;2019-20;9;9;0;0,25;0,25;0,25
DE PAUL;2019-20;22;17;-5;1,05;0,8;0,93
CHIESA;2019-20;27;18;-9;1,35;0,9;1,12
MURGIA;2019-20;8;4;-4;0,2;0,05;0,12
LINETTY;2019-20;11;12;1;0,55;0,6;0,58
LUKIC;2019-20;4;3;-1;0,3;0,25;0,28
MIGUEL VELOSO;2019-20;7;16;9;0,25;0,7;0,47
ROG;2019-20;10;9;-1;1,05;1;1,02
PASALIC;2019-20;18;19;1;1,3;1,35;1,33
LUIS ALBERTO;2019-20;21;29;8;2,75;3,15;2,95
BENTANCUR;2019-20;11;11;0;1,5;1,5;1,5
BARAK;2019-20;10;5;-5;0,5;0,25;0,38
MARUSIC;2019-20;5;5;0;0,4;0,4;0,4
CALHANOGLU;2019-20;13;14;1;1,4;1,45;1,42
DOUGLAS COSTA;2019-20;7;10;3;1,55;1,7;1,62
UNDER;2019-20;19;11;-8;1,25;0,85;1,05
BERENGUER;2019-20;9;19;10;0,85;1,35;1,1
LUCAS LEIVA;2019-20;10;7;-3;0,3;0,15;0,22
VERETOUT;2019-20;14;13;-1;0,9;0,85;0,88
LAZZARI;2019-20;17;11;-6;1,3;1;1,15
RAMIREZ;2019-20;9;17;8;0,45;0,85;0,65
MATUIDI;2019-20;13;6;-7;1,95;1,6;1,77
LERIS;2019-20;5;1;-4;0,25;0,05;0,15
RABIOT;2019-20;14;3;-11;2,1;1,55;1,83
EKDAL;2019-20;7;7;0;0,55;0,55;0,55
WALACE;2019-20;1;1;0;0,15;0,15;0,15
RIBERY;2019-20;19;18;-1;2,6;2,55;2,58
TRAORE' HJ.;2019-20;12;9;-3;0,3;0,15;0,22
RAMSEY;2019-20;17;9;-8;2,55;2,15;2,35
MKHITARYAN;2019-20;15;16;1;1;1,05;1,02
SORIANO;2019-20;14;15;1;0,5;0,55;0,53
CASTILLEJO;2019-20;10;7;-3;1,1;0,95;1,03
PESSINA;2019-20;10;12;2;0,45;0,55;0,5
ZANIOLO;2019-20;16;16;0;1,05;1,05;1,05
RUIZ;2019-20;17;8;-9;2,3;1,85;2,07
YOUNES;2019-20;8;1;-7;1,1;0,75;0,93
KLUIVERT;2019-20;16;13;-3;1,35;1,2;1,28
MEITE';2019-20;11;3;-8;1,05;0,65;0,85
BENNACER;2019-20;12;3;-9;1,3;0,85;1,08
KULUSEVSKI;2019-20;6;26;20;0,3;1,3;0,8
VIEIRA;2019-20;3;3;0;0,75;0,75;0,75
GHEZZAL;2019-20;2;2;0;0,45;0,45;0,45
PAQUETA';2019-20;14;3;-11;1,5;0,95;1,23
LERAGER;2019-20;7;2;-5;0,3;0,05;0,17
GAETANO;2019-20;1;1;0;0,15;0,15;0,15
CASTROVILLI;2019-20;8;21;13;0,4;1,05;0,73
MARONI;2019-20;7;1;-6;0,35;0,05;0,2
AGOUME;2019-20;1;1;0;0,35;0,35;0,35
HERNANI;2019-20;7;7;0;0,35;0,35;0,35
JONY;2019-20;7;2;-5;0,55;0,3;0,43
MALINOVSKYI;2019-20;11;14;3;1,05;1,2;1,12
BISOLI;2019-20;10;8;-2;0,45;0,35;0,4
NDOJ;2019-20;7;2;-5;0,25;0,05;0,15
SPALEK;2019-20;8;3;-5;0,3;0,05;0,17
TONALI;2019-20;15;15;0;1;1;1
FAGIOLI;2019-20;1;1;0;0,15;0,15;0,15
ELMAS;2019-20;7;4;-3;0,95;0,8;0,88
OBIANG;2019-20;11;4;-7;0,8;0,45;0,62
SCHONE;2019-20;6;8;2;0,05;0,15;0,1
ZMRHAL;2019-20;8;2;-6;0,35;0,05;0,2
NANDEZ;2019-20;12;15;3;0,55;0,7;0,62
SEMA;2019-20;5;8;3;0,25;0,4;0,33
INGLESE;2019-20;23;4;-19;1,1;0,15;0,62
ILICIC;2019-20;26;41;15;2,5;3,25;2,88
BABACAR;2019-20;14;3;-11;0,4;0,05;0,23
REBIC;2019-20;7;11;4;1,5;1,7;1,6
PAVOLETTI;2019-20;25;4;-21;1,2;0,15;0,67
DYBALA;2019-20;25;29;4;3,75;3,95;3,85
LLORENTE;2019-20;15;16;1;2;2,05;2,02
ZAZA;2019-20;13;11;-2;1,25;1,15;1,2
PETAGNA;2019-20;26;18;-8;1,8;1,4;1,6
GABBIADINI;2019-20;20;19;-1;1,1;1,05;1,08
HIGUAIN;2019-20;28;23;-5;4,15;3,9;4,03
INSIGNE;2019-20;28;19;-9;3,8;3,35;3,57
MERTENS;2019-20;27;21;-6;1,7;1,4;1,55
BELOTTI;2019-20;30;30;0;1,9;1,9;1,9
GERVINHO;2019-20;17;15;-2;1,35;1,25;1,3
IAGO FALQUE;2019-20;22;3;-19;2,1;1,15;1,62
CORREA;2019-20;21;24;3;1,65;1,8;1,72
BONAZZOLI;2019-20;5;6;1;0,05;0,1;0,08
MURIEL;2019-20;19;31;12;1;1,6;1,3
BERARDI;2019-20;21;31;10;0,55;1,05;0,8
POLITANO;2019-20;14;3;-11;0,6;0,05;0,33
SANSONE;2019-20;14;11;-3;2;1,85;1,93
QUAGLIARELLA;2019-20;33;20;-13;1,65;1;1,32
ZAPATA D.;2019-20;37;38;1;3,55;3,6;3,57
DEFREL;2019-20;15;7;-8;0,2;0,05;0,12
DZEKO;2019-20;30;32;2;2,2;2,3;2,25
KALINIC;2019-20;13;1;-12;0,85;0,25;0,55
BALOTELLI;2019-20;19;16;-3;0,25;0,1;0,17
IMMOBILE;2019-20;35;50;15;2,7;3,45;3,08
JOAO PEDRO;2019-20;33;34;1;2,05;2,1;2,07
FARIAS;2019-20;9;7;-2;0,4;0,3;0,35
LAPADULA;2019-20;13;18;5;0,9;1,15;1,02
NESTOROVSKI;2019-20;10;6;-4;0,65;0,45;0,55
CAPRARI;2019-20;13;9;-4;0,8;0,6;0,7
MILIK;2019-20;28;32;4;3,8;4;3,9
PINAMONTI;2019-20;20;8;-12;0,5;0,05;0,28
SIMEONE;2019-20;13;21;8;0,6;1;0,8
ORSOLINI;2019-20;18;23;5;0,95;1,2;1,07
CAICEDO;2019-20;12;24;12;0,95;1,55;1,25
SALCEDO E.;2019-20;1;7;6;0,05;0,35;0,2
KARAMOH;2019-20;12;4;-8;1,35;0,95;1,15
STEPINSKI;2019-20;11;6;-5;0,3;0,05;0,17
SANCHEZ;2019-20;24;11;-13;1,45;0,8;1,12
LUKAKU;2019-20;36;42;6;3,75;4,05;3,9
RONALDO;2019-20;45;50;5;6,7;6,95;6,83
BARROW;2019-20;8;10;2;1,75;1,85;1,8
SANTANDER;2019-20;10;4;-6;0,55;0,25;0,4
KOUAME';2019-20;21;19;-2;0,25;0,15;0,2
MARTINEZ L.;2019-20;26;31;5;3,65;3,9;3,77
CAPUTO;2019-20;27;33;6;0,3;0,6;0,45
BOGA;2019-20;14;25;11;0,2;0,75;0,47
SOTTIL;2019-20;4;2;-2;0,2;0,1;0,15
VLAHOVIC;2019-20;4;13;9;0,4;0,85;0,62
OKAKA;2019-20;20;18;-2;0,45;0,35;0,4
ADEKANYE;2019-20;8;4;-4;0,6;0,4;0,5
AYE';2019-20;7;2;-5;0,5;0,25;0,38
SKOV OLSEN;2019-20;9;6;-3;0,5;0,35;0,42
DONNARUMMA AL;2019-20;17;13;-4;0,85;0,65;0,75
ESPOSITO;2019-20;1;4;3;0,3;0,45;0,38
RAFAEL LEAO;2019-20;22;10;-12;2,35;1,75;2,05
LOZANO;2019-20;23;9;-14;3,1;2,4;2,75
IBRAHIMOVIC;2019-20;24;26;2;1,8;1,9;1,85
ERIKSEN;2019-20;22;21;-1;5;4,95;4,97
CORNELIUS;2019-20;19;20;1;1,75;1,8;1,77
PANDEV;2019-20;18;20;2;0,05;0,15;0,1
DJURICIC;2019-20;16;15;-1;0,25;0,2;0,23
CUTRONE;2019-20;15;13;-2;2;1,9;1,95
TORREGROSSA;2019-20;14;14;0;0,05;0,05;0,05
YOUNG;2019-20;13;12;-1;1;0,95;0,97
VERRE;2019-20;13;13;0;1,05;1,05;1,05
SILVESTRI;2019-20;11;12;1;0,05;0,1;0,08
BANI;2019-20;11;11;0;0,5;0,5;0,5
IACOPONI;2019-20;9;9;0;0,2;0,2;0,2
KUMBULLA;2019-20;9;9;0;0,75;0,75;0,75
AMRABAT;2019-20;9;10;1;0,55;0,6;0,58
CARLES PEREZ;2019-20;9;8;-1;0,05;0,05;0,05
CACERES;2019-20;8;7;-1;0,15;0,1;0,12
CHIELLINI;2019-20;8;8;0;0,2;0,2;0,2
KYRIAKOPOULOS;2019-20;8;8;0;0,1;0,1;0,1
MOSES;2019-20;8;9;1;0,6;0,65;0,62
STREFEZZA;2019-20;8;8;0;0,55;0,55;0,55
DEMME;2019-20;8;9;1;0,75;0,8;0,78
PISACANE;2019-20;7;6;-1;0,05;0,05;0,05
LOBOTKA;2019-20;7;6;-1;0,5;0,45;0,47
PEREIRO;2019-20;7;6;-1;0,05;0,05;0,05
NUYTINCK;2019-20;6;7;1;0,05;0,1;0,08
BORINI;2019-20;6;7;1;0,15;0,2;0,17
DOMINGUEZ;2019-20;6;5;-1;0,5;0,45;0,47
RECA;2019-20;4;5;1;0,05;0,1;0,08
AGUDELO;2019-20;4;3;-1;0,05;0,05;0,05
CZYBORRA;2019-20;3;3;0;0,2;0,2;0,2
SANTON;2019-20;2;2;0;0,05;0,05;0,05
SCHOUTEN;2019-20;2;3;1;0,05;0,1;0,08
BEGOVIC;2019-20;1;1;0;0,05;0,05;0,05
ACERBI;2020-21;15;12;-3;1,2;1,05;1,12
ADEKANYE;2020-21;2;2;0;0,5;0,5;0,5
ADRIEN SILVA;2020-21;7;6;-1;0,05;0,05;0,05
AGOUME;2020-21;2;2;0;0,35;0,35;0,35
AGUDELO;2020-21;9;5;-4;0,2;0,05;0,12
ALEX SANDRO;2020-21;11;11;0;1,55;1,55;1,55
AMRABAT;2020-21;7;7;0;0,25;0,25;0,25
ANSALDI;2020-21;7;10;3;0,55;0,7;0,62
ARMINI;2020-21;1;1;0;0,05;0,05;0,05
ARSLAN;2020-21;8;8;0;0,05;0,05;0,05
ARTHUR;2020-21;15;5;-10;4,25;3,75;4
ASAMOAH;2020-21;2;4;2;0,1;0,2;0,15
AUDERO;2020-21;7;12;5;0,4;0,65;0,53
AUGELLO;2020-21;6;10;4;0,05;0,25;0,15
AYHAN;2020-21;7;2;-5;0,15;0,05;0,1
BADELJ;2020-21;4;8;4;0,4;0,6;0,5
BAKAYOKO;2020-21;9;5;-4;0,55;0,35;0,45
BANI;2020-21;6;3;-3;0,5;0,35;0,42
BARAK;2020-21;12;15;3;0,4;0,55;0,48
BARELLA;2020-21;14;20;6;3,2;3,5;3,35
BARRECA;2020-21;3;1;-2;0,1;0,05;0,08
BARROW;2020-21;22;17;-5;1,05;0,8;0,93
BARTOLOMEI;2020-21;7;4;-3;0,05;0,05;0,05
BASELLI;2020-21;6;4;-2;0,6;0,5;0,55
BASTONI;2020-21;12;11;-1;0,5;0,45;0,47
BASTOS;2020-21;5;5;0;0,35;0,35;0,35
BELOTTI;2020-21;30;29;-1;1,9;1,85;1,88
BENALI;2020-21;8;4;-4;0,1;0,05;0,08
BENASSI;2020-21;8;4;-4;0,45;0,25;0,35
BENNACER;2020-21;9;9;0;1,1;1,1;1,1
BENTANCUR;2020-21;12;9;-3;1,5;1,35;1,43
BERARDI;2020-21;27;30;3;0,8;0,95;0,88
BERESZYNSKI;2020-21;5;7;2;0,35;0,45;0,4
BERNARDESCHI;2020-21;6;4;-2;1,35;1,25;1,3
BIRAGHI;2020-21;8;10;2;0,15;0,25;0,2
BIRASCHI;2020-21;5;6;1;0,6;0,65;0,62
BOGA;2020-21;21;18;-3;0,5;0,35;0,42
BONAVENTURA;2020-21;16;13;-3;1,75;1,6;1,68
BONAZZOLI;2020-21;13;9;-4;0,1;0,05;0,08
BONIFAZI;2020-21;5;7;2;0,85;0,95;0,9
BONUCCI;2020-21;14;12;-2;2,5;2,4;2,45
BOURABIA;2020-21;7;4;-3;0,25;0,1;0,17
BREMER;2020-21;11;13;2;0,65;0,75;0,7
BROZOVIC;2020-21;12;14;2;0,95;1,05;1
BRUNO ALVES;2020-21;7;3;-4;0,6;0,4;0,5
BUFFON;2020-21;1;7;6;0,65;0,95;0,8
CACERES;2020-21;8;6;-2;0,15;0,05;0,1
CAICEDO;2020-21;15;13;-2;1,25;1,15;1,2
CALABRIA;2020-21;11;12;1;1,15;1,2;1,17
CALAFIORI;2020-21;1;1;0;0,05;0,05;0,05
CALDARA;2020-21;5;4;-1;0,35;0,3;0,32
CALDIROLA;2020-21;8;6;-2;0,45;0,35;0,4
CALHANOGLU;2020-21;24;19;-5;1,45;1,2;1,32
CALLEJON;2020-21;6;7;1;1,65;1,7;1,67
CANDREVA;2020-21;8;18;10;1,25;1,75;1,5
CAPRARI;2020-21;12;10;-2;0,7;0,6;0,65
CAPUTO;2020-21;34;25;-9;0,45;0,05;0,25
CARLES PEREZ;2020-21;8;8;0;0,5;0,5;0,5
CASTILLEJO;2020-21;12;5;-7;1,05;0,7;0,88
CASTROVILLI;2020-21;17;14;-3;0,75;0,6;0,68
CEPPITELLI;2020-21;3;7;4;0,2;0,4;0,3
CETIN;2020-21;6;1;-5;0,15;0,05;0,1
CHABOT;2020-21;3;3;0;0,05;0,05;0,05
CHIELLINI;2020-21;11;10;-1;0,2;0,15;0,18
CHIESA;2020-21;23;28;5;6,5;6,75;6,62
CHIRICHES;2020-21;5;7;2;0,1;0,2;0,15
COLLEY;2020-21;9;10;1;0,2;0,25;0,23
COLLEY E.;2020-21;8;4;-4;0,05;0,05;0,05
CONSIGLI;2020-21;11;12;1;0,2;0,25;0,23
CONTI;2020-21;4;1;-3;0,45;0,3;0,38
CONTINI;2020-21;1;1;0;0,05;0,05;0,05
CORDAZ;2020-21;4;1;-3;0,05;0,05;0,05
CORNELIUS;2020-21;13;6;-7;1,8;1,45;1,62
CORREA;2020-21;22;21;-1;1,75;1,7;1,73
CRAGNO;2020-21;11;9;-2;0,3;0,2;0,25
CRISCITO;2020-21;14;8;-6;0,2;0,05;0,12
CRISTANTE;2020-21;7;8;1;1,35;1,4;1,38
CUADRADO;2020-21;13;19;6;1;1,3;1,15
CUTRONE;2020-21;10;13;3;1,95;2,1;2,02
CYPRIEN;2020-21;8;2;-6;1,9;1,6;1,75
CZYBORRA;2020-21;4;4;0;0,2;0,2;0,2
DALOT;2020-21;2;7;5;0,1;0,35;0,22
D'AMBROSIO;2020-21;11;6;-5;0,75;0,5;0,62
DAMSGAARD;2020-21;8;14;6;0,15;0,45;0,3
DANILO;2020-21;6;14;8;0,85;1,25;1,05
DARMIAN;2020-21;8;10;2;0,5;0,6;0,55
DE LIGT;2020-21;14;12;-2;1,85;1,75;1,8
DE PAUL;2020-21;26;27;1;7;7,05;7,03
DE ROON;2020-21;11;10;-1;1,05;1;1,02
DE SCIGLIO;2020-21;5;4;-1;0,6;0,55;0,57
DE SILVESTRI;2020-21;8;10;2;0,9;1;0,95
DE VRIJ;2020-21;15;14;-1;2,05;2;2,02
DEFREL;2020-21;12;11;-1;0,15;0,1;0,12
DELL'ORCO;2020-21;4;1;-3;0,55;0,4;0,48
DEMIRAL;2020-21;6;4;-2;0,85;0,75;0,8
DEMME;2020-21;7;9;2;0,8;0,9;0,85
DENSWIL;2020-21;4;1;-3;0,05;0,05;0,05
DEPAOLI;2020-21;6;2;-4;0,3;0,1;0,2
DESTRO;2020-21;22;21;-1;1;0,95;0,97
DEULOFEU;2020-21;11;14;3;4,1;4,25;4,17
DI CARMINE;2020-21;10;3;-7;0,05;0,05;0,05
DI LORENZO;2020-21;7;11;4;1,05;1,25;1,15
DIAWARA;2020-21;10;4;-6;0,5;0,2;0,35
DIAZ B.;2020-21;15;15;0;3,75;3,75;3,75
DIJKS;2020-21;6;5;-1;0,3;0,25;0,28
DIMARCO;2020-21;5;11;6;0,05;0,35;0,2
DJIDJI;2020-21;2;2;0;0,6;0,6;0,6
DJIMSITI;2020-21;9;10;1;0,8;0,85;0,83
DJURICIC;2020-21;14;16;2;0,25;0,35;0,3
DOMINGUEZ;2020-21;6;8;2;0,5;0,6;0,55
DONNARUMMA G.;2020-21;17;16;-1;1,55;1,5;1,52
DOUGLAS COSTA;2020-21;12;12;0;1,65;1,65;1,65
DRAGOWSKI;2020-21;12;10;-2;0,5;0,4;0,45
DUARTE;2020-21;3;1;-2;0,8;0,7;0,75
DUNCAN;2020-21;7;5;-2;1,55;1,45;1,5
DYBALA;2020-21;30;25;-5;3,85;3,6;3,73
DZEKO;2020-21;30;29;-1;2,25;2,2;2,23
EKDAL;2020-21;8;7;-1;0,55;0,5;0,53
EL SHAARAWY;2020-21;15;12;-3;2,05;1,9;1,97
ELMAS;2020-21;10;8;-2;0,9;0,8;0,85
ERIKSEN;2020-21;16;15;-1;5;4,95;4,97
ERLIC;2020-21;6;6;0;0,05;0,05;0,05
FARAONI;2020-21;15;13;-2;0,65;0,55;0,6
FARES;2020-21;7;6;-1;0,15;0,1;0,12
FAZIO;2020-21;4;4;0;0,3;0,3;0,3
FERRARI G.;2020-21;9;10;1;0,7;0,75;0,72
FREULER;2020-21;14;14;0;1,95;1,95;1,95
GABBIADINI;2020-21;15;15;0;1,1;1,1;1,1
GAGLIARDINI;2020-21;7;5;-2;0,45;0,35;0,4
GAGLIOLO;2020-21;8;5;-3;0,45;0,3;0,38
GALABINOV;2020-21;9;5;-4;0,05;0,05;0,05
GERVINHO;2020-21;13;11;-2;1,3;1,2;1,25
GHIGLIONE;2020-21;7;5;-2;0,3;0,2;0,25
GHOULAM;2020-21;3;1;-2;1,35;1,25;1,3
GLIK;2020-21;7;5;-2;0,5;0,4;0,45
GODIN;2020-21;8;7;-1;0,65;0,6;0,62
GOLLINI;2020-21;13;15;2;1,15;1,25;1,2
GOMEZ;2020-21;29;27;-2;4;3,9;3,95
GOSENS;2020-21;24;24;0;1,5;1,5;1,5
GRASSI;2020-21;4;3;-1;0,35;0,3;0,32
GUNTER;2020-21;5;6;1;0,1;0,15;0,12
HAKIMI;2020-21;23;26;3;7,9;8,05;7,98
HANDANOVIC;2020-21;17;16;-1;1,85;1,8;1,83
HARASLIN;2020-21;6;2;-4;0,05;0,05;0,05
HATEBOER;2020-21;13;12;-1;1,25;1,2;1,23
HAUGE;2020-21;6;5;-1;0,05;0,05;0,05
HERNANDEZ T.;2020-21;21;21;0;1,15;1,15;1,15
HERNANI;2020-21;15;5;-10;1;0,5;0,75
HICKEY;2020-21;3;4;1;0,05;0,1;0,08
HOEDT;2020-21;7;1;-6;0,05;0,05;0,05
HYSAJ;2020-21;7;8;1;0,85;0,9;0,88
IACOPONI;2020-21;6;2;-4;0,2;0,05;0,12
IAGO FALQUE;2020-21;13;6;-7;1,65;1,3;1,47
IBANEZ;2020-21;10;7;-3;1,5;1,35;1,43
IBRAHIMOVIC;2020-21;36;32;-4;1,85;1,65;1,75
IGOR;2020-21;4;4;0;0,2;0,2;0,2
ILIC;2020-21;10;10;0;0,5;0,5;0,5
ILICIC;2020-21;26;20;-6;2,9;2,6;2,75
IMMOBILE;2020-21;49;39;-10;3,1;2,6;2,85
INGLESE;2020-21;13;2;-11;0,15;0,05;0,1
INSIGNE;2020-21;24;30;6;3,6;3,9;3,75
INSIGNE R.;2020-21;5;11;6;0,05;0,35;0,2
IONITA;2020-21;5;6;1;0,2;0,25;0,23
IZZO;2020-21;10;7;-3;0,8;0,65;0,73
JAJALO;2020-21;6;2;-4;0,3;0,1;0,2
JANKTO;2020-21;12;15;3;0,25;0,4;0,33
JOAO PEDRO;2020-21;25;28;3;2,1;2,25;2,17
KALINIC;2020-21;13;8;-5;0,85;0,6;0,72
KALULU;2020-21;4;1;-3;0,05;0,05;0,05
KARAMOH;2020-21;10;6;-4;1,05;0,85;0,95
KARSDORP;2020-21;3;13;10;0,05;0,55;0,3
KEITA B.;2020-21;13;13;0;4,5;4,5;4,5
KESSIE';2020-21;13;25;12;0,85;1,45;1,15
KHEDIRA;2020-21;3;1;-2;0,8;0,7;0,75
KJAER;2020-21;10;12;2;0,1;0,2;0,15
KLAVAN;2020-21;5;2;-3;0,3;0,15;0,22
KLUIVERT;2020-21;7;7;0;1,3;1,3;1,3
KOKORIN;2020-21;10;4;-6;0,05;0,05;0,05
KOLAROV;2020-21;15;2;-13;1,2;0,55;0,88
KOUAME';2020-21;17;4;-13;0,2;0,05;0,12
KOULIBALY;2020-21;15;14;-1;1,65;1,6;1,62
KOVALENKO;2020-21;6;4;-2;0,15;0,05;0,1
KRUNIC;2020-21;4;6;2;1,15;1,25;1,2
KUCKA;2020-21;12;17;5;0,4;0,65;0,53
KULUSEVSKI;2020-21;26;19;-7;0,8;0,45;0,62
KUMBULLA;2020-21;9;5;-4;0,75;0,55;0,65
KURTIC;2020-21;12;9;-3;0,5;0,35;0,42
KYRIAKOPOULOS;2020-21;7;5;-2;0,1;0,05;0,08
LAMMERS;2020-21;12;7;-5;2,5;2,25;2,38
LAPADULA;2020-21;14;15;1;1,05;1,1;1,08
LASAGNA;2020-21;15;11;-4;0,5;0,3;0,4
LAXALT;2020-21;2;2;0;0,45;0,45;0,45
LAZOVIC;2020-21;14;15;1;0,25;0,3;0,28
LAZZARI;2020-21;14;11;-3;1,15;1;1,07
LERAGER;2020-21;6;7;1;0,2;0,25;0,23
LERIS;2020-21;2;3;1;0,15;0,2;0,17
LETIZIA;2020-21;9;10;1;1,45;1,5;1,48
LINETTY;2020-21;10;5;-5;0,5;0,25;0,38
LIROLA;2020-21;8;6;-2;0,5;0,4;0,45
LLORENTE;2020-21;4;5;1;0,05;0,1;0,08
LOBOTKA;2020-21;5;6;1;0,5;0,55;0,53
LOCATELLI;2020-21;15;17;2;3,5;3,6;3,55
LOPEZ M.;2020-21;8;9;1;0,25;0,3;0,28
LOZANO;2020-21;13;23;10;2,75;3,25;3
LUCAS LEIVA;2020-21;9;8;-1;0,25;0,2;0,23
LUIS ALBERTO;2020-21;25;24;-1;1,7;1,65;1,67
LUIZ FELIPE;2020-21;8;7;-1;1,45;1,4;1,42
LUKAKU;2020-21;42;43;1;3,9;3,95;3,92
LUKAKU J.;2020-21;3;3;0;0,25;0,25;0,25
LUKIC;2020-21;14;10;-4;0,45;0,25;0,35
LULIC;2020-21;8;5;-3;0,85;0,7;0,77
LYANCO;2020-21;6;2;-4;0,6;0,4;0,5
MAEHLE;2020-21;6;9;3;0,5;0,65;0,57
MAGALLAN;2020-21;4;4;0;0,05;0,05;0,05
MAGGIORE;2020-21;5;13;8;0,05;0,45;0,25
MAGNANI;2020-21;4;6;2;0,15;0,25;0,2
MAKSIMOVIC;2020-21;9;7;-2;0,75;0,65;0,7
MALCUIT;2020-21;4;2;-2;0,95;0,85;0,9
MALINOVSKYI;2020-21;15;24;9;1,15;1,6;1,38
MAN;2020-21;9;9;0;0,2;0,2;0,2
MANCINI;2020-21;10;14;4;1,25;1,45;1,35
MANDRAGORA;2020-21;5;10;5;0,4;0,65;0,53
MANOLAS;2020-21;14;9;-5;1,25;1;1,12
MARIO RUI;2020-21;7;6;-1;0,65;0,6;0,62
MARLON;2020-21;6;3;-3;0,3;0,15;0,22
MARTINEZ L.;2020-21;31;32;1;3,8;3,85;3,82
MARTINEZ QUARTA;2020-21;5;5;0;1,65;1,65;1,65
MARUSIC;2020-21;5;7;2;0,05;0,15;0,1
MASIELLO;2020-21;3;3;0;0,15;0,15;0,15
MAYORAL;2020-21;19;19;0;7,1;7,1;7,1
MCKENNIE;2020-21;6;13;7;0,7;1,05;0,88
MEDEL;2020-21;5;4;-1;0,2;0,15;0,18
MEITE';2020-21;6;7;1;0,85;0,9;0,88
MERET;2020-21;8;14;6;1,65;1,95;1,8
MERTENS;2020-21;27;24;-3;1,55;1,4;1,48
MESSIAS;2020-21;23;11;-12;0,25;0,05;0,15
MIGUEL VELOSO;2020-21;9;7;-2;0,5;0,4;0,45
MILENKOVIC;2020-21;14;12;-2;0,65;0,55;0,6
MILIK;2020-21;23;12;-11;3,9;3,35;3,62
MILINKOVIC-SAVIC;2020-21;19;25;6;1,7;2;1,85
MIRANCHUK;2020-21;17;15;-2;3;2,9;2,95
MIRANTE;2020-21;2;4;2;0,05;0,15;0,1
MKHITARYAN;2020-21;24;31;7;1,2;1,55;1,38
MOLINA S.;2020-21;11;8;-3;0,05;0,05;0,05
MONTIPO';2020-21;8;8;0;0,05;0,05;0,05
MORATA;2020-21;23;23;0;8,05;8,05;8,05
MULDUR;2020-21;6;6;0;0,15;0,15;0,15
MURIEL;2020-21;35;38;3;5;5,15;5,08
MURIQI;2020-21;11;2;-9;0,8;0,35;0,58
MUSACCHIO;2020-21;6;1;-5;0,15;0,05;0,1
MUSSO;2020-21;11;15;4;0,5;0,7;0,6
NAINGGOLAN;2020-21;11;11;0;2,5;2,5;2,5
NANDEZ;2020-21;11;14;3;0,65;0,8;0,73
NESTOROVSKI;2020-21;11;7;-4;0,55;0,35;0,45
N'KOULOU;2020-21;11;3;-8;1,2;0,8;1
NZOLA;2020-21;20;19;-1;4;3,95;3,98
OBIANG;2020-21;6;3;-3;0,65;0,5;0,57
OKAKA;2020-21;14;13;-1;0,4;0,35;0,38
ORSOLINI;2020-21;17;17;0;1,1;1,1;1,1
OSIMHEN;2020-21;20;30;10;12;12,5;12,25
OSORIO;2020-21;5;2;-3;0,05;0,05;0,05
OSPINA;2020-21;8;2;-6;0,45;0,15;0,3
OUWEJAN;2020-21;7;4;-3;0,75;0,6;0,68
PALACIO;2020-21;12;15;3;0,05;0,2;0,12
PALOMINO;2020-21;9;9;0;0,55;0,55;0,55
PANDEV;2020-21;11;11;0;0,1;0,1;0,1
PAROLO;2020-21;5;3;-2;0,9;0,8;0,85
PASALIC;2020-21;16;18;2;1,35;1,45;1,4
PATRIC;2020-21;4;3;-1;0,05;0,05;0,05
PAU LOPEZ;2020-21;12;8;-4;0,75;0,55;0,65
PAVOLETTI;2020-21;14;17;3;0,7;0,85;0,77
PEDRO;2020-21;19;13;-6;6,05;5,75;5,9
PELLEGRINI LO.;2020-21;15;25;10;1;1,5;1,25
PELLEGRINI LU.;2020-21;5;4;-1;0,35;0,3;0,32
PELUSO;2020-21;4;2;-2;0,2;0,1;0,15
PEREIRA A.;2020-21;7;6;-1;0,05;0,05;0,05
PEREIRO;2020-21;10;8;-2;0,05;0,05;0,05
PEREYRA;2020-21;11;18;7;2;2,35;2,17
PERIN;2020-21;8;1;-7;0,25;0,05;0,15
PERISIC;2020-21;12;14;2;2,25;2,35;2,3
PEROTTI;2020-21;8;8;0;0,9;0,9;0,9
PESSINA;2020-21;7;15;8;0,5;0,9;0,7
PETAGNA;2020-21;11;12;1;1,6;1,65;1,62
PETRICCIONE;2020-21;5;2;-3;0,45;0,3;0,38
PEZZELLA GER.;2020-21;9;6;-3;0,45;0,3;0,38
PEZZELLA GIU.;2020-21;5;7;2;0,1;0,2;0,15
PINAMONTI;2020-21;10;7;-3;0,3;0,15;0,22
PINSOGLIO;2020-21;1;1;0;0,05;0,05;0,05
PISACANE;2020-21;5;1;-4;0,05;0,05;0,05
POBEGA;2020-21;12;7;-5;0,95;0,7;0,82
POLI;2020-21;3;3;0;0,55;0,55;0,55
POLITANO;2020-21;14;21;7;0,75;1,1;0,93
PROTO;2020-21;1;1;0;0,1;0,1;0,1
PULGAR;2020-21;13;8;-5;0,75;0,5;0,62
PUSSETTO;2020-21;8;13;5;0,9;1,15;1,02
QUAGLIARELLA;2020-21;21;21;0;1,35;1,35;1,35
RABIOT;2020-21;4;8;4;1;1,2;1,1
RADU;2020-21;9;4;-5;0,45;0,2;0,33
RADU I.;2020-21;1;1;0;0,25;0,25;0,25
RAFAEL LEAO;2020-21;13;16;3;2,05;2,2;2,12
RAMIREZ;2020-21;16;8;-8;0,65;0,25;0,45
RAMSEY;2020-21;11;7;-4;2,35;2,15;2,25
REBIC;2020-21;26;23;-3;1,35;1,2;1,28
RECA;2020-21;8;4;-4;1,3;1,1;1,2
REINA;2020-21;1;14;13;0,1;0,75;0,42
RIBERY;2020-21;19;14;-5;2,6;2,35;2,48
RICCI M.;2020-21;8;8;0;1,15;1,15;1,15
RINCON;2020-21;6;5;-1;0,25;0,2;0,23
RODRIGO BECAO;2020-21;6;6;0;0,4;0,4;0,4
RODRIGUEZ R.;2020-21;8;5;-3;0,8;0,65;0,73
ROG;2020-21;9;6;-3;1,05;0,9;0,98
ROGERIO;2020-21;6;6;0;0,4;0,4;0,4
ROMAGNA;2020-21;4;1;-3;0,1;0,05;0,08
ROMAGNOLI;2020-21;12;7;-5;1,1;0,85;0,98
ROMERO;2020-21;9;15;6;0,15;0,45;0,3
RONALDO;2020-21;49;42;-7;6,85;6,5;6,67
RRAHMANI;2020-21;6;4;-2;0,15;0,05;0,1
RUGANI;2020-21;6;4;-2;0,15;0,05;0,1
RUIZ;2020-21;11;17;6;1,45;1,75;1,6
SAELEMAEKERS;2020-21;11;11;0;2,75;2,75;2,75
SALCEDO E.;2020-21;6;3;-3;0,2;0,05;0,12
SAMIR;2020-21;5;8;3;0,25;0,4;0,33
SANABRIA;2020-21;12;16;4;0,05;0,25;0,15
SANCHEZ;2020-21;24;20;-4;1,15;0,95;1,05
SANSONE;2020-21;7;8;1;1,95;2;1,98
SANTANDER;2020-21;6;3;-3;0,4;0,25;0,33
SANTON;2020-21;4;2;-2;0,05;0,05;0,05
SAPONARA;2020-21;6;8;2;0,6;0,7;0,65
SCAMACCA;2020-21;12;13;1;0,55;0,6;0,58
SCHIATTARELLA;2020-21;7;4;-3;0,05;0,05;0,05
SCHONE;2020-21;6;1;-5;0,3;0,05;0,17
SCHOUTEN;2020-21;7;7;0;0,1;0,1;0,1
SENSI;2020-21;11;6;-5;1,5;1,25;1,38
SEPE;2020-21;8;3;-5;0,15;0,05;0,1
SILVESTRI;2020-21;18;11;-7;1,5;1,15;1,32
SIMEONE;2020-21;19;11;-8;1,5;1,1;1,3
SIMY;2020-21;13;17;4;0,15;0,35;0,25
SINGO;2020-21;14;7;-7;2,8;2,45;2,62
SIRIGU;2020-21;10;7;-3;1,25;1,1;1,18
SKORUPSKI;2020-21;8;10;2;0,55;0,65;0,6
SKOV OLSEN;2020-21;9;9;0;0,45;0,45;0,45
SKRINIAR;2020-21;8;16;8;2,05;2,45;2,25
SMALLING;2020-21;11;9;-2;3;2,9;2,95
SORIANO;2020-21;16;17;1;0,55;0,6;0,58
SOTTIL;2020-21;9;8;-1;0,15;0,1;0,12
SPINAZZOLA;2020-21;12;12;0;0,6;0,6;0,6
SPORTIELLO;2020-21;1;1;0;0,15;0,15;0,15
STRAKOSHA;2020-21;15;1;-14;1,15;0,45;0,8
STROOTMAN;2020-21;10;11;1;0,6;0,65;0,62
STRYGER LARSEN;2020-21;10;8;-2;0,25;0,15;0,2
SUTALO;2020-21;2;2;0;0,05;0,05;0,05
SVANBERG;2020-21;11;12;1;0,55;0,6;0,58
SZCZESNY;2020-21;17;15;-2;2,35;2,25;2,3
TAMEZE;2020-21;7;6;-1;0,05;0,05;0,05
TATARUSANU;2020-21;1;1;0;0,05;0,05;0,05
TER AVEST;2020-21;4;2;-2;0,25;0,15;0,2
TERRACCIANO;2020-21;1;3;2;0,05;0,15;0,1
THORSBY;2020-21;14;10;-4;0,25;0,05;0,15
TOLJAN;2020-21;4;7;3;0,3;0,45;0,38
TOLOI;2020-21;12;9;-3;0,95;0,8;0,88
TOMIYASU;2020-21;9;8;-1;0,25;0,2;0,23
TOMORI;2020-21;8;13;5;0,3;0,55;0,43
TONALI;2020-21;8;8;0;1,7;1,7;1,7
TONELLI;2020-21;4;4;0;0,5;0,5;0,5
TRAORE' HJ.;2020-21;8;14;6;0,4;0,7;0,55
VAVRO;2020-21;3;1;-2;1,05;0,95;1
VECINO;2020-21;7;4;-3;1;0,85;0,93
VERDI;2020-21;14;12;-2;1,45;1,35;1,4
VERETOUT;2020-21;16;26;10;1,05;1,55;1,3
VERRE;2020-21;9;8;-1;0,95;0,9;0,92
VIDAL;2020-21;19;9;-10;3,1;2,6;2,85
VIEIRA;2020-21;4;3;-1;0,75;0,7;0,72
VIGNATO;2020-21;11;11;0;0,4;0,4;0,4
VILLAR;2020-21;7;4;-3;0,55;0,4;0,48
VLAHOVIC;2020-21;17;35;18;0,55;1,45;1
VOJVODA;2020-21;8;6;-2;0,15;0,05;0,1
WALACE;2020-21;5;6;1;0,15;0,2;0,17
YOSHIDA;2020-21;12;10;-2;0,05;0,05;0,05
YOUNG;2020-21;13;7;-6;1;0,7;0,85
ZACCAGNI;2020-21;12;20;8;0,85;1,25;1,05
ZAJC;2020-21;9;8;-1;0,7;0,65;0,67
ZANIOLO;2020-21;16;19;3;1,05;1,2;1,12
ZAPATA C.;2020-21;5;3;-2;1,05;0,95;1
ZAPATA D.;2020-21;30;32;2;7,5;7,6;7,55
ZAPPA;2020-21;10;7;-3;1;0,85;0,93
ZAPPACOSTA;2020-21;7;14;7;0,8;1,15;0,98
ZAZA;2020-21;11;9;-2;1,2;1,1;1,15
ZIELINSKI;2020-21;13;24;11;2,15;2,7;2,42
ABRAHAM;2021-22;29;29;0;13,55;13,55;13,55
ACERBI;2021-22;12;12;0;1,05;1,05;1,05
AFENA-GYAN;2021-22;4;4;0;0,55;0,55;0,55
AGOUME;2021-22;3;3;0;0,35;0,35;0,35
AGUDELO;2021-22;6;11;5;0,15;0,4;0,28
AINA;2021-22;5;5;0;0,1;0,1;0,1
ALEX SANDRO;2021-22;11;4;-7;1,55;1,2;1,38
ALTARE;2021-22;2;7;5;0,05;0,3;0,17
AMIAN;2021-22;5;5;0;0,25;0,25;0,25
AMIRI;2021-22;11;11;0;0,6;0,6;0,6
AMPADU;2021-22;7;5;-2;0,6;0,5;0,55
AMRABAT;2021-22;7;8;1;2,5;2,55;2,52
ANSALDI;2021-22;10;8;-2;0,7;0,6;0,65
ANTISTE;2021-22;4;5;1;0,1;0,15;0,12
ARAMU;2021-22;9;20;11;0,6;1,15;0,88
ARMINI;2021-22;1;1;0;0,05;0,05;0,05
ARNAUTOVIC;2021-22;24;26;2;1,05;1,15;1,1
ARSLAN;2021-22;8;7;-1;0,05;0,05;0,05
ARTHUR;2021-22;3;4;1;3,5;3,55;3,52
ASLLANI;2021-22;2;9;7;0,1;0,45;0,28
AUDERO;2021-22;12;10;-2;2,5;2,4;2,45
AUGELLO;2021-22;9;8;-1;0,15;0,1;0,12
BADELJ;2021-22;8;6;-2;0,6;0,5;0,55
BAJRAMI;2021-22;10;22;12;0,8;1,4;1,1
BAKAYOKO;2021-22;3;2;-1;0,5;0,45;0,47
BANDINELLI;2021-22;5;9;4;0,05;0,25;0,15
BANI;2021-22;5;5;0;0,1;0,1;0,1
BARAK;2021-22;16;26;10;4,8;5,3;5,05
BARELLA;2021-22;18;23;5;3,3;3,55;3,42
BARROW;2021-22;25;22;-3;6;5,85;5,92
BASIC;2021-22;8;5;-3;0,05;0,05;0,05
BASTONI;2021-22;11;12;1;0,5;0,55;0,53
BASTONI S.;2021-22;8;12;4;0,15;0,35;0,25
BELOTTI;2021-22;18;24;6;5;5,3;5,15
BENNACER;2021-22;8;13;5;1,1;1,35;1,23
BERARDI;2021-22;31;38;7;11;11,35;11,18
BERESZYNSKI;2021-22;7;4;-3;0,4;0,25;0,33
BERNARDESCHI;2021-22;5;7;2;1,3;1,4;1,35
BETO;2021-22;10;20;10;0,95;1,45;1,2
BINKS;2021-22;3;2;-1;0,05;0,05;0,05
BIRAGHI;2021-22;9;11;2;1;1,1;1,05
BOGA;2021-22;17;8;-9;0,4;0,05;0,23
BONAVENTURA;2021-22;13;15;2;1,65;1,75;1,7
BONAZZOLI;2021-22;8;22;14;0,1;0,8;0,45
BONIFAZI;2021-22;7;3;-4;0,9;0,7;0,8
BONUCCI;2021-22;12;15;3;2,4;2,55;2,47
BOURABIA;2021-22;4;3;-1;0,15;0,1;0,12
BREKALO;2021-22;11;21;10;0,15;0,65;0,4
BREMER;2021-22;12;18;6;0,8;1,1;0,95
BROZOVIC;2021-22;15;15;0;1;1;1
BUKSA;2021-22;1;1;0;0,5;0,5;0,5
BUONGIORNO;2021-22;4;4;0;0,05;0,05;0,05
BUSIO;2021-22;5;6;1;1,05;1,1;1,08
CABRAL;2021-22;23;19;-4;6,7;6,5;6,6
CAICEDO;2021-22;13;8;-5;2,25;2;2,12
CALABRIA;2021-22;11;15;4;1,5;1,7;1,6
CALAFIORI;2021-22;2;2;0;0,1;0,1;0,1
CALDARA;2021-22;3;7;4;0,3;0,5;0,4
CALHANOGLU;2021-22;18;25;7;1,35;1,7;1,53
CALLEJON;2021-22;7;6;-1;1,6;1,55;1,58
CAMBIASO;2021-22;4;8;4;0,65;0,85;0,75
CANCELLIERI;2021-22;2;5;3;0,05;0,2;0,12
CANDREVA;2021-22;18;21;3;1,05;1,2;1,12
CAPRARI;2021-22;31;30;-1;3,5;3,45;3,48
CAPUTO;2021-22;26;20;-6;5,05;4,75;4,9
CARBONI;2021-22;5;4;-1;0,6;0,55;0,57
CARLES PEREZ;2021-22;8;6;-2;0,55;0,45;0,5
CASALE;2021-22;9;6;-3;2;1,85;1,93
CASTILLEJO;2021-22;6;2;-4;0,9;0,7;0,8
CASTROVILLI;2021-22;14;8;-6;0,7;0,4;0,55
CATALDI;2021-22;11;10;-1;0,65;0,6;0,62
CECCARONI;2021-22;8;8;0;1;1;1
CECCHERINI;2021-22;5;7;2;1;1,1;1,05
CEIDE;2021-22;4;1;-3;0,05;0,05;0,05
CETIN;2021-22;2;1;-1;0,1;0,05;0,08
CHIELLINI;2021-22;10;7;-3;0,6;0,45;0,52
CHIESA;2021-22;29;14;-15;6,6;5,85;6,22
CHIRICHES;2021-22;7;4;-3;0,7;0,55;0,62
CIERVO;2021-22;6;3;-3;0,2;0,05;0,12
COLLEY;2021-22;8;7;-1;0,15;0,1;0,12
CONSIGLI;2021-22;12;10;-2;2,5;2,4;2,45
CONTI;2021-22;2;5;3;0,5;0,65;0,57
CORREA;2021-22;20;18;-2;1,7;1,6;1,65
COULIBALY M.;2021-22;6;8;2;1,1;1,2;1,15
CRAGNO;2021-22;6;9;3;2,5;2,65;2,58
CRISCITO;2021-22;9;13;4;0,15;0,35;0,25
CRISTANTE;2021-22;7;9;2;1,35;1,45;1,4
CRNIGOJ;2021-22;3;11;8;0,05;0,45;0,25
CUADRADO;2021-22;18;18;0;2;2;2
CUISANCE;2021-22;6;5;-1;0,5;0,45;0,47
CUTRONE;2021-22;12;9;-3;2,1;1,95;2,03
DALBERT;2021-22;5;4;-1;0,75;0,7;0,72
D'AMBROSIO;2021-22;6;13;7;0,7;1,05;0,88
DAMSGAARD;2021-22;15;3;-12;3;2,4;2,7
DANILO;2021-22;7;9;2;0,65;0,75;0,7
DARBOE;2021-22;2;1;-1;0,05;0,05;0,05
DARMIAN;2021-22;12;11;-1;1,6;1,55;1,58
DAWIDOWICZ;2021-22;5;1;-4;0,05;0,05;0,05
DE LIGT;2021-22;12;14;2;1,8;1,9;1,85
DE ROON;2021-22;11;10;-1;3,5;3,45;3,48
DE SCIGLIO;2021-22;9;9;0;0,05;0,05;0,05
DE SILVESTRI;2021-22;7;12;5;0,85;1,1;0,98
DE VRIJ;2021-22;14;7;-7;2;1,65;1,82
DE WINTER;2021-22;1;1;0;0,05;0,05;0,05
DEFREL;2021-22;12;9;-3;0,15;0,05;0,1
DEIOLA;2021-22;5;10;5;0,05;0,3;0,17
DEMIRAL;2021-22;5;8;3;0,8;0,95;0,88
DEMME;2021-22;4;4;0;2,1;2,1;2,1
DEPAOLI;2021-22;3;6;3;0,25;0,4;0,33
DESTRO;2021-22;21;23;2;1;1,1;1,05
DEULOFEU;2021-22;11;30;19;3,95;4,9;4,43
DI CARMINE;2021-22;3;3;0;0,05;0,05;0,05
DI FRANCESCO F.;2021-22;16;16;0;0,05;0,05;0,05
DI LORENZO;2021-22;11;14;3;2,5;2,65;2,58
DIAWARA;2021-22;5;1;-4;0,35;0,15;0,25
DIAZ B.;2021-22;13;14;1;3,5;3,55;3,52
DIMARCO;2021-22;9;11;2;0,35;0,45;0,4
DJIDJI;2021-22;2;4;2;0,05;0,15;0,1
DJIMSITI;2021-22;10;6;-4;0,85;0,65;0,75
DJURICIC;2021-22;14;8;-6;0,3;0,05;0,17
DOMINGUEZ;2021-22;7;7;0;0,55;0,55;0,55
DRAGOWSKI;2021-22;11;3;-8;0,5;0,1;0,3
DRAGUSIN;2021-22;1;3;2;0,05;0,15;0,1
DUMFRIES;2021-22;11;18;7;4,8;5,15;4,97
DUNCAN;2021-22;4;10;6;1,5;1,8;1,65
DYBALA;2021-22;25;27;2;3,7;3,8;3,75
DZEKO;2021-22;30;28;-2;8,5;8,4;8,45
EKDAL;2021-22;6;4;-2;0,2;0,1;0,15
EL SHAARAWY;2021-22;11;10;-1;1,95;1,9;1,92
ELMAS;2021-22;7;14;7;0,85;1,2;1,02
ERLIC;2021-22;7;9;2;0,05;0,15;0,1
FARAONI;2021-22;14;16;2;0,65;0,75;0,7
FARES;2021-22;8;4;-4;0,05;0,05;0,05
FELIPE ANDERSON;2021-22;18;21;3;7,6;7,75;7,67
FERRARI G.;2021-22;10;6;-4;0,75;0,55;0,65
FERRER;2021-22;2;6;4;0,05;0,25;0,15
FLORENZI;2021-22;9;9;0;0,05;0,05;0,05
FRATTESI;2021-22;8;14;6;4;4,3;4,15
FRENDRUP;2021-22;5;6;1;0,05;0,1;0,08
FREULER;2021-22;8;6;-2;1;0,9;0,95
GABBIADINI;2021-22;20;14;-6;1,1;0,8;0,95
GAGLIARDINI;2021-22;6;11;5;0,4;0,65;0,53
GAGLIOLO;2021-22;5;2;-3;0,4;0,25;0,33
GIROUD;2021-22;22;28;6;7,5;7,8;7,65
GONZALEZ N.;2021-22;17;23;6;8,5;8,8;8,65
GOSENS;2021-22;25;12;-13;1,55;0,9;1,23
GUNTER;2021-22;6;4;-2;0,15;0,05;0,1
GYASI;2021-22;13;10;-3;0,05;0,05;0,05
GYOMBER;2021-22;4;4;0;0,05;0,05;0,05
HAAS;2021-22;7;3;-4;0,05;0,05;0,05
HANDANOVIC;2021-22;17;15;-2;6;5,9;5,95
HAPS;2021-22;3;7;4;0,15;0,35;0,25
HARASLIN;2021-22;3;3;0;0,05;0,05;0,05
HATEBOER;2021-22;13;6;-7;1,2;0,85;1,02
HAUGE;2021-22;5;5;0;0,05;0,05;0,05
HENDERSON L.;2021-22;12;10;-2;0,2;0,1;0,15
HENRY;2021-22;12;16;4;0,05;0,25;0,15
HERNANDEZ T.;2021-22;21;19;-2;7,5;7,4;7,45
HERNANI;2021-22;6;2;-4;1;0,8;0,9
HICKEY;2021-22;3;10;7;1,6;1,95;1,78
HONGLA;2021-22;4;5;1;0,05;0,1;0,08
HRISTOV;2021-22;2;3;1;0,05;0,1;0,08
HYSAJ;2021-22;6;3;-3;0,6;0,45;0,52
IBANEZ;2021-22;7;9;2;1,45;1,55;1,5
IBRAHIMOVIC;2021-22;33;23;-10;4;3,5;3,75
IGOR;2021-22;4;6;2;0,2;0,3;0,25
IKONE';2021-22;14;12;-2;6,75;6,65;6,7
ILIC;2021-22;8;11;3;2;2,15;2,08
ILICIC;2021-22;21;13;-8;3,2;2,8;3
IMMOBILE;2021-22;38;44;6;2,85;3,15;3
INSIGNE;2021-22;32;24;-8;3,9;3,5;3,7
ISMAJLI;2021-22;6;2;-4;0,7;0,5;0,6
IZZO;2021-22;8;3;-5;0,85;0,6;0,72
JANKTO;2021-22;14;14;0;0,35;0,35;0,35
JOAO PEDRO;2021-22;26;24;-2;2,15;2,05;2,1
JUAN JESUS;2021-22;7;5;-2;0,05;0,05;0,05
KAIO JORGE;2021-22;4;1;-3;1,75;1,6;1,68
KALINIC;2021-22;9;14;5;0,65;0,9;0,78
KALLON;2021-22;2;2;0;0,15;0,15;0,15
KALULU;2021-22;8;14;6;1;1,3;1,15
KARSDORP;2021-22;12;10;-2;0,3;0,2;0,25
KEAN;2021-22;21;14;-7;9,1;8,75;8,93
KEITA B.;2021-22;13;9;-4;2,3;2,1;2,2
KESSIE';2021-22;28;17;-11;1,2;0,65;0,92
KIWIOR;2021-22;4;5;1;0,05;0,1;0,08
KJAER;2021-22;12;6;-6;0,15;0,05;0,1
KOOPMEINERS;2021-22;9;18;9;1,4;1,85;1,62
KOUAME';2021-22;7;7;0;0,15;0,15;0,15
KOULIBALY;2021-22;12;17;5;1,5;1,75;1,62
KOVALENKO;2021-22;4;7;3;0,1;0,25;0,17
KRUNIC;2021-22;5;9;4;1,2;1,4;1,3
KUMBULLA;2021-22;6;3;-3;0,65;0,5;0,57
LAMMERS;2021-22;13;13;0;2,4;2,4;2,4
LASAGNA;2021-22;12;11;-1;0,35;0,3;0,32
LAZETIC;2021-22;4;1;-3;0,2;0,05;0,12
LAZOVIC;2021-22;15;15;0;2;2;2
LAZZARI;2021-22;10;11;1;1,05;1,1;1,08
LEZZERINI;2021-22;5;1;-4;0,05;0,05;0,05
LINETTY;2021-22;5;2;-3;1,5;1,35;1,43
LOBOTKA;2021-22;6;12;6;0,2;0,5;0,35
LOCATELLI;2021-22;17;14;-3;4;3,85;3,92
LOPEZ M.;2021-22;11;11;0;1,05;1,05;1,05
LOVATO;2021-22;4;7;3;0,5;0,65;0,57
LOZANO;2021-22;24;18;-6;6,5;6,2;6,35
LUCAS LEIVA;2021-22;5;5;0;0,05;0,05;0,05
LUIS ALBERTO;2021-22;24;19;-5;1,65;1,4;1,52
LUIZ FELIPE;2021-22;7;4;-3;1,3;1,15;1,23
LUKAKU;2021-22;44;44;0;16;16;16
LUKIC;2021-22;8;14;6;0,35;0,65;0,5
LUPERTO;2021-22;3;4;1;0,05;0,1;0,08
MAEHLE;2021-22;9;5;-4;4;3,8;3,9
MAGGIORE;2021-22;13;12;-1;0,25;0,2;0,23
MAGNANI;2021-22;6;2;-4;0,6;0,4;0,5
MAIGNAN;2021-22;15;18;3;9,75;9,9;9,82
MAITLAND-NILES;2021-22;8;5;-3;1,6;1,45;1,53
MAKENGO;2021-22;7;9;2;0,05;0,15;0,1
MALCUIT;2021-22;3;1;-2;0,05;0,05;0,05
MALEH;2021-22;4;11;7;1,7;2,05;1,88
MALINOVSKYI;2021-22;25;19;-6;1,4;1,1;1,25
MANCINI;2021-22;14;7;-7;3,5;3,15;3,33
MANCUSO;2021-22;14;6;-8;0,05;0,05;0,05
MANDRAGORA;2021-22;10;6;-4;0,55;0,35;0,45
MARCHIZZA;2021-22;6;1;-5;1,2;0,95;1,07
MARIN;2021-22;11;9;-2;1,85;1,75;1,8
MARIO RUI;2021-22;5;11;6;0,4;0,7;0,55
MARTINEZ L.;2021-22;32;34;2;14;14,1;14,05
MARTINEZ QUARTA;2021-22;5;3;-2;1,65;1,55;1,6
MARUSIC;2021-22;7;5;-2;0,1;0,05;0,08
MCKENNIE;2021-22;14;12;-2;4;3,9;3,95
MERET;2021-22;14;7;-7;8,5;8,15;8,32
MERTENS;2021-22;26;31;5;1,6;1,85;1,73
MESSIAS;2021-22;11;16;5;0,15;0,4;0,28
MIGUEL VELOSO;2021-22;8;6;-2;0,45;0,35;0,4
MIHAILA;2021-22;9;5;-4;0,05;0,05;0,05
MILENKOVIC;2021-22;11;7;-4;2,5;2,3;2,4
MILINKOVIC-SAVIC;2021-22;24;30;6;6,5;6,8;6,65
MILINKOVIC-SAVIC V.;2021-22;9;10;1;6,75;6,8;6,78
MIRANCHUK;2021-22;15;10;-5;2,95;2,7;2,83
MKHITARYAN;2021-22;31;19;-12;8,5;7,9;8,2
MOLINA N.;2021-22;14;16;2;3,15;3,25;3,2
MONTIPO';2021-22;9;10;1;0,05;0,1;0,08
MORATA;2021-22;23;20;-3;8,15;8;8,07
MORO;2021-22;5;1;-4;2,9;2,7;2,8
MULDUR;2021-22;7;5;-2;0,6;0,5;0,55
MURIEL;2021-22;39;29;-10;5,2;4,7;4,95
MUSSO;2021-22;16;11;-5;0,6;0,35;0,47
NANDEZ;2021-22;14;6;-8;0,7;0,3;0,5
NASTASIC;2021-22;6;2;-4;1,95;1,75;1,85
NIKOLAOU;2021-22;5;4;-1;0,4;0,35;0,38
NSAME;2021-22;12;10;-2;0,05;0,05;0,05
NUYTINCK;2021-22;12;8;-4;1,05;0,85;0,95
NZOLA;2021-22;20;6;-14;4;3,3;3,65
OBIANG;2021-22;4;1;-3;0,6;0,45;0,52
ODRIOZOLA;2021-22;7;6;-1;1,4;1,35;1,38
OKEREKE;2021-22;18;14;-4;2;1,8;1,9
OLIVEIRA;2021-22;16;12;-4;4,8;4,6;4,7
ORSOLINI;2021-22;15;17;2;3,45;3,55;3,5
OSIMHEN;2021-22;33;33;0;12,2;12,2;12,2
OSPINA;2021-22;1;16;15;0,5;1,25;0,88
PADELLI;2021-22;1;3;2;0,05;0,15;0,1
PALOMINO;2021-22;8;11;3;0,55;0,7;0,62
PANDUR;2021-22;1;1;0;0,05;0,05;0,05
PARISI;2021-22;4;7;3;0,05;0,2;0,12
PASALIC;2021-22;19;29;10;4;4,5;4,25
PATRIC;2021-22;3;5;2;0,4;0,5;0,45
PAVOLETTI;2021-22;11;12;1;3,5;3,55;3,52
PEDRO;2021-22;13;23;10;3,8;4,3;4,05
PELLEGRI;2021-22;4;6;2;0,1;0,2;0,15
PELLEGRINI LO.;2021-22;23;24;1;1,25;1,3;1,27
PELLEGRINI LU.;2021-22;4;5;1;0,25;0,3;0,28
PEREIRO;2021-22;8;15;7;0,05;0,4;0,23
PEREYRA;2021-22;17;13;-4;5;4,8;4,9
PERIN;2021-22;1;2;1;0,35;0,4;0,38
PERISIC;2021-22;14;25;11;2,8;3,35;3,07
PESSINA;2021-22;15;8;-7;0,7;0,35;0,52
PETAGNA;2021-22;11;10;-1;1,65;1,6;1,62
PEZZELLA GER.;2021-22;7;7;0;0,4;0,4;0,4
PIATEK;2021-22;13;12;-1;0,05;0,05;0,05
PICCOLI;2021-22;7;4;-3;1,85;1,7;1,78
PINAMONTI;2021-22;7;24;17;1,55;2,4;1,98
PINSOGLIO;2021-22;1;3;2;0,1;0,2;0,15
PJACA;2021-22;4;10;6;0,05;0,35;0,2
POBEGA;2021-22;6;17;11;2,5;3,05;2,77
POLITANO;2021-22;20;15;-5;1;0,75;0,88
PRAET;2021-22;13;11;-2;1,2;1,1;1,15
PROVEDEL;2021-22;11;8;-3;0,05;0,05;0,05
PULGAR;2021-22;8;2;-6;2,5;2,2;2,35
PUSSETTO;2021-22;13;12;-1;0,9;0,85;0,88
QUAGLIARELLA;2021-22;22;12;-10;2,5;2;2,25
RABIOT;2021-22;4;5;1;1,5;1,55;1,52
RADU I.;2021-22;1;1;0;0,05;0,05;0,05
RAFAEL LEAO;2021-22;14;32;18;2,25;3,15;2,7
RASPADORI;2021-22;17;20;3;7,2;7,35;7,28
REBIC;2021-22;23;13;-10;6;5,5;5,75
REINA;2021-22;14;7;-7;0,35;0,05;0,2
REYNOLDS;2021-22;3;1;-2;0,05;0,05;0,05
RICCI S.;2021-22;6;7;1;2,15;2,2;2,17
RODRIGO BECAO;2021-22;8;10;2;1,1;1,2;1,15
RODRIGUEZ R.;2021-22;5;7;2;0,75;0,85;0,8
ROGERIO;2021-22;6;4;-2;1,9;1,8;1,85
ROMAGNOLI;2021-22;7;4;-3;1,5;1,35;1,43
ROMERO;2021-22;15;15;0;0,3;0,3;0,3
ROMERO L.;2021-22;1;2;1;0,65;0,7;0,68
ROSATI;2021-22;1;1;0;0,05;0,05;0,05
ROSSI F.;2021-22;1;1;0;0,05;0,05;0,05
ROVELLA;2021-22;11;7;-4;0,65;0,45;0,55
RRAHMANI;2021-22;4;17;13;0,05;0,7;0,38
RUEGG;2021-22;2;1;-1;0,05;0,05;0,05
RUGANI;2021-22;5;4;-1;0,1;0,05;0,08
RUGGERI;2021-22;2;4;2;2;2,1;2,05
RUI PATRICIO;2021-22;15;14;-1;6;5,95;5,97
RUIZ;2021-22;17;24;7;4,5;4,85;4,67
SAELEMAEKERS;2021-22;10;11;1;4;4,05;4,03
SALCEDO E.;2021-22;4;2;-2;0,25;0,15;0,2
SAMARDZIC;2021-22;3;14;11;0,15;0,7;0,43
SANABRIA;2021-22;15;16;1;2,5;2,55;2,52
SANCHEZ;2021-22;22;17;-5;1,2;0,95;1,07
SANSONE;2021-22;8;8;0;0,5;0,5;0,5
SAPONARA;2021-22;8;18;10;0,05;0,55;0,3
SCALVINI;2021-22;1;9;8;0,05;0,45;0,25
SCAMACCA;2021-22;13;29;16;0,75;1,55;1,15
SCHOUTEN;2021-22;8;9;1;0,1;0,15;0,12
SENSI;2021-22;2;8;6;1;1,3;1,15
SHOMURODOV;2021-22;16;14;-2;1,65;1,55;1,6
SILVESTRI;2021-22;10;10;0;1,3;1,3;1,3
SIMEONE;2021-22;12;29;17;1,35;2,2;1,78
SINGO;2021-22;6;15;9;2,65;3,1;2,88
SIRIGU;2021-22;8;9;1;1;1,05;1,02
SKORUPSKI;2021-22;9;11;2;0,6;0,7;0,65
SKRINIAR;2021-22;15;16;1;2,3;2,35;2,32
SMALLING;2021-22;10;14;4;2,95;3,15;3,05
SOPPY;2021-22;2;6;4;0,05;0,25;0,15
SORIANO;2021-22;19;9;-10;0,7;0,2;0,45
SOTTIL;2021-22;13;11;-2;1,75;1,65;1,7
SOUMAORO;2021-22;6;4;-2;0,05;0,05;0,05
SPINAZZOLA;2021-22;13;6;-7;1,9;1,55;1,72
SPORTIELLO;2021-22;1;4;3;0,15;0,3;0,23
STRAKOSHA;2021-22;1;11;10;0,95;1,45;1,2
STRANDBERG;2021-22;2;2;0;0,05;0,05;0,05
STROOTMAN;2021-22;12;1;-11;2;1,45;1,73
STULAC;2021-22;5;9;4;0,05;0,25;0,15
SUTALO;2021-22;3;4;1;0,05;0,1;0,08
SVANBERG;2021-22;12;13;1;4;4,05;4,03
SZCZESNY;2021-22;17;16;-1;2,3;2,25;2,27
TAMEZE;2021-22;7;18;11;1,5;2,05;1,77
TATARUSANU;2021-22;1;1;0;0,05;0,05;0,05
TERRACCIANO;2021-22;1;10;9;0,25;0,7;0,47
TESSMANN;2021-22;5;2;-3;0,05;0,05;0,05
THEATE;2021-22;7;10;3;0,05;0,2;0,12
THORSBY;2021-22;9;10;1;0,2;0,25;0,23
TOLJAN;2021-22;6;4;-2;0,1;0,05;0,08
TOLOI;2021-22;9;6;-3;0,85;0,7;0,77
TOMIYASU;2021-22;11;11;0;2,5;2,5;2,5
TOMORI;2021-22;12;12;0;2;2;2
TONALI;2021-22;17;19;2;2,25;2,35;2,3
TONELLI;2021-22;5;2;-3;0,55;0,4;0,48
TORREIRA;2021-22;9;15;6;3,55;3,85;3,7
TRAORE' HJ.;2021-22;13;20;7;2;2,35;2,17
UDOGIE;2021-22;5;14;9;2,2;2,65;2,43
VANHEUSDEN;2021-22;6;2;-4;0,2;0,05;0,12
VASQUEZ;2021-22;6;8;2;0,05;0,15;0,1
VECINO;2021-22;5;4;-1;2;1,95;1,98
VENUTI;2021-22;3;4;1;0,05;0,1;0,08
VERDE;2021-22;15;23;8;0,75;1,15;0,95
VERDI;2021-22;11;21;10;1,4;1,9;1,65
VERETOUT;2021-22;23;16;-7;4;3,65;3,83
VERRE;2021-22;8;2;-6;1,02;0,72;0,87
VICARIO;2021-22;6;11;5;1,25;1,5;1,38
VIDAL;2021-22;7;10;3;2,85;3;2,92
VIGNATO;2021-22;11;4;-7;0,35;0,05;0,2
VINA;2021-22;10;4;-6;3,05;2,75;2,9
VITI;2021-22;2;4;2;0,1;0,2;0,15
VLAHOVIC;2021-22;34;38;4;15;15,2;15,1
VOJVODA;2021-22;9;10;1;0,05;0,1;0,08
WALACE;2021-22;5;7;2;0,2;0,3;0,25
WALUKIEWICZ;2021-22;5;2;-3;0,1;0,05;0,08
YEPES;2021-22;1;1;0;0,05;0,05;0,05
YOSHIDA;2021-22;9;5;-4;0,35;0,15;0,25
ZACCAGNI;2021-22;18;23;5;1,1;1,35;1,23
ZAKARIA;2021-22;13;11;-2;3,1;3;3,05
ZALEWSKI;2021-22;1;6;5;0,05;0,3;0,17
ZAMBO ANGUISSA;2021-22;11;9;-2;0,5;0,4;0,45
ZANIOLO;2021-22;10;10;0;7;7;7
ZAPATA D.;2021-22;33;29;-4;12;11,8;11,9
ZAPPA;2021-22;7;3;-4;1,5;1,3;1,4
ZAPPACOSTA;2021-22;16;12;-4;4,65;4,45;4,55
ZIELINSKI;2021-22;25;21;-4;2,5;2,3;2,4
ZIMA;2021-22;4;4;0;0,05;0,05;0,05
ZOET;2021-22;6;2;-4;0,1;0,05;0,08
ZURKOWSKI;2021-22;16;18;2;2,85;2,95;2,9
ABRAHAM;2022-23;33;23;-10;13,55;13,05;13,3
ACERBI;2022-23;8;7;-1;1;0,95;0,97
AFENA-GYAN;2022-23;8;3;-5;0,55;0,3;0,43
AGOUME;2022-23;2;1;-1;0,35;0,3;0,32
AGUDELO;2022-23;8;7;-1;1,3;1,25;1,27
AINA;2022-23;5;6;1;0,1;0,15;0,12
ALEX SANDRO;2022-23;8;4;-4;0,3;0,1;0,2
AMIAN;2022-23;6;4;-2;0,25;0,15;0,2
AMRABAT;2022-23;8;6;-2;2,55;2,45;2,5
ANTISTE;2022-23;3;3;0;0,05;0,05;0,05
ARNAUTOVIC;2022-23;26;29;3;1,1;1,25;1,18
ARTHUR;2022-23;5;4;-1;3,55;3,5;3,52
ASLLANI;2022-23;8;5;-3;0,3;0,15;0,22
AUDERO;2022-23;10;11;1;2;2,05;2,02
AUGELLO;2022-23;7;7;0;0,15;0,15;0,15
BAJRAMI;2022-23;17;9;-8;1,1;0,7;0,9
BAKAYOKO;2022-23;2;1;-1;0,5;0,45;0,47
BANDINELLI;2022-23;5;12;7;0,15;0,5;0,33
BARAK;2022-23;21;10;-11;5,05;4,5;4,78
BARELLA;2022-23;19;27;8;10,55;10,95;10,75
BARROW;2022-23;17;11;-6;7,6;7,3;7,45
BASIC;2022-23;4;4;0;0,05;0,05;0,05
BASTONI;2022-23;15;9;-6;0,55;0,25;0,4
BASTONI S.;2022-23;13;14;1;0,25;0,3;0,28
BENNACER;2022-23;10;14;4;1,25;1,45;1,35
BERARDI;2022-23;35;19;-16;10,45;9,65;10,05
BERESZYNSKI;2022-23;6;4;-2;0,35;0,25;0,3
BETO;2022-23;24;26;2;6;6,1;6,05
BIRAGHI;2022-23;13;7;-6;7,05;6,75;6,9
BOGA;2022-23;15;13;-2;0,2;0,1;0,15
BONAVENTURA;2022-23;16;17;1;1,7;1,75;1,73
BONAZZOLI;2022-23;14;16;2;4;4,1;4,05
BONIFAZI;2022-23;4;2;-2;0,8;0,7;0,75
BONUCCI;2022-23;15;7;-8;2,5;2,1;2,3
BREMER;2022-23;18;10;-8;0,95;0,55;0,75
BROZOVIC;2022-23;15;10;-5;1;0,75;0,88
BUONGIORNO;2022-23;5;5;0;0,05;0,05;0,05
CABRAL;2022-23;18;17;-1;6;5,95;5,97
CALABRIA;2022-23;13;7;-6;2,05;1,75;1,9
CALAFIORI;2022-23;2;1;-1;0,4;0,35;0,38
CALDARA;2022-23;6;3;-3;0,4;0,25;0,33
CALHANOGLU;2022-23;18;21;3;10;10,15;10,07
CAMBIASO;2022-23;8;9;1;0,8;0,85;0,83
CANCELLIERI;2022-23;7;2;-5;0,15;0,05;0,1
CANDREVA;2022-23;17;14;-3;1,15;1;1,07
CAPRARI;2022-23;26;17;-9;3,5;3,05;3,27
CAPUTO;2022-23;21;12;-9;6;5,55;5,78
CASALE;2022-23;10;9;-1;1,95;1,9;1,92
CASTROVILLI;2022-23;2;1;-1;0,75;0,7;0,72
CATALDI;2022-23;8;7;-1;0,65;0,6;0,62
CECCHERINI;2022-23;6;6;0;1,05;1,05;1,05
CHIESA;2022-23;25;12;-13;6,25;5,6;5,92
CHIRICHES;2022-23;5;2;-3;0,65;0,5;0,57
COLLEY;2022-23;8;4;-4;0,15;0,05;0,1
CONSIGLI;2022-23;11;9;-2;2,45;2,35;2,4
CONTI;2022-23;3;1;-2;0,6;0,5;0,55
CORREA;2022-23;16;19;3;1,65;1,8;1,72
CRAGNO;2022-23;11;1;-10;2,6;2,1;2,35
CRISTANTE;2022-23;9;10;1;1,95;2;1,98
CUADRADO;2022-23;15;5;-10;2;1,5;1,75
DANILO;2022-23;14;15;1;0,7;0,75;0,72
DARBOE;2022-23;1;1;0;0,05;0,05;0,05
DARMIAN;2022-23;8;10;2;0,95;1,05;1
DAWIDOWICZ;2022-23;4;4;0;0,05;0,05;0,05
DE ROON;2022-23;7;8;1;3,5;3,55;3,52
DE SCIGLIO;2022-23;7;3;-4;0,05;0,05;0,05
DE SILVESTRI;2022-23;9;2;-7;1;0,65;0,82
DE VRIJ;2022-23;10;6;-4;1,45;1,25;1,35
DE WINTER;2022-23;5;4;-1;0,05;0,05;0,05
DEFREL;2022-23;8;4;-4;0,1;0,05;0,08
DEMIRAL;2022-23;13;12;-1;2;1,95;1,98
DEMME;2022-23;4;1;-3;2,1;1,95;2,03
DESTRO;2022-23;16;4;-12;1,05;0,45;0,75
DEULOFEU;2022-23;24;22;-2;4,75;4,65;4,7
DI LORENZO;2022-23;15;15;0;2,6;2,6;2,6
DIAZ B.;2022-23;11;22;11;3,55;4,1;3,82
DIMARCO;2022-23;9;19;10;1,9;2,4;2,15
DJIDJI;2022-23;6;6;0;1;1;1
DJIMSITI;2022-23;7;3;-4;0,75;0,55;0,65
DJURICIC;2022-23;7;7;0;1,25;1,25;1,25
DOMINGUEZ;2022-23;9;12;3;0,55;0,7;0,62
DRAGOWSKI;2022-23;7;9;2;0,75;0,85;0,8
DUMFRIES;2022-23;11;11;0;3,8;3,8;3,8
DUNCAN;2022-23;7;5;-2;0,55;0,45;0,5
DYBALA;2022-23;29;34;5;3,75;4;3,88
DZEKO;2022-23;15;26;11;8,45;9;8,72
EL SHAARAWY;2022-23;9;15;6;0,7;1;0,85
ELMAS;2022-23;11;21;10;3;3,5;3,25
ERLIC;2022-23;9;4;-5;0,1;0,05;0,08
FARAONI;2022-23;13;6;-7;3,15;2,8;2,97
FELIPE ANDERSON;2022-23;19;24;5;3,55;3,8;3,67
FERRARI G.;2022-23;8;5;-3;0,65;0,5;0,57
FLORENZI;2022-23;7;1;-6;0,05;0,05;0,05
FRATTESI;2022-23;16;22;6;4,15;4,45;4,3
GABBIADINI;2022-23;15;10;-5;0,95;0,7;0,82
GAGLIARDINI;2022-23;8;3;-5;0,5;0,25;0,38
GIROUD;2022-23;28;25;-3;7,65;7,5;7,58
GONZALEZ N.;2022-23;14;16;2;5,5;5,6;5,55
GOSENS;2022-23;18;10;-8;1,25;0,85;1,05
GUNTER;2022-23;5;5;0;0,1;0,1;0,1
GYOMBER;2022-23;4;4;0;0,05;0,05;0,05
HAAS;2022-23;3;7;4;0,1;0,3;0,2
HANDANOVIC;2022-23;16;8;-8;5,95;5,55;5,75
HATEBOER;2022-23;8;6;-2;1,15;1,05;1,1
HENDERSON L.;2022-23;8;4;-4;0,15;0,05;0,1
HENRY;2022-23;16;11;-5;0,75;0,5;0,62
HERNANDEZ T.;2022-23;22;15;-7;7,45;7,1;7,28
HRISTOV;2022-23;3;3;0;0,1;0,1;0,1
HYSAJ;2022-23;6;7;1;0,55;0,6;0,58
IBANEZ;2022-23;9;11;2;1,5;1,6;1,55
IGOR;2022-23;10;4;-6;2;1,7;1,85
IKONE';2022-23;15;15;0;4,15;4,15;4,15
ILIC;2022-23;13;6;-7;2,1;1,75;1,93
ILICIC;2022-23;11;10;-1;3;2,95;2,98
IMMOBILE;2022-23;42;32;-10;3;2,5;2,75
IZZO;2022-23;3;8;5;1;1,25;1,12
JUAN JESUS;2022-23;7;11;4;0,05;0,25;0,15
KAIO JORGE;2022-23;1;1;0;1,7;1,7;1,7
KALULU;2022-23;15;9;-6;3;2,7;2,85
KARSDORP;2022-23;10;3;-7;0,25;0,05;0,15
KEAN;2022-23;14;15;1;8,95;9;8,97
KIWIOR;2022-23;6;7;1;0,1;0,15;0,12
KJAER;2022-23;5;3;-2;0,1;0,05;0,08
KOOPMEINERS;2022-23;15;23;8;1,65;2,05;1,85
KOVALENKO;2022-23;7;5;-2;0,2;0,1;0,15
KRUNIC;2022-23;6;3;-3;0,3;0,15;0,22
KUMBULLA;2022-23;4;2;-2;0,5;0,4;0,45
LAZETIC;2022-23;1;1;0;0,15;0,15;0,15
LAZOVIC;2022-23;13;17;4;2;2,2;2,1
LAZZARI;2022-23;10;8;-2;1,1;1;1,05
LOBOTKA;2022-23;12;17;5;0,35;0,6;0,47
LOCATELLI;2022-23;9;9;0;4,2;4,2;4,2
LOPEZ M.;2022-23;4;4;0;0,75;0,75;0,75
LOVATO;2022-23;6;2;-4;0,6;0,4;0,5
LOZANO;2022-23;18;20;2;5,5;5,6;5,55
LUIS ALBERTO;2022-23;25;25;0;5,5;5,5;5,5
LUKIC;2022-23;13;12;-1;0,5;0,45;0,47
LUPERTO;2022-23;6;8;2;0,25;0,35;0,3
MAEHLE;2022-23;9;11;2;3,6;3,7;3,65
MAGGIORE;2022-23;10;4;-6;0,25;0,05;0,15
MAGNANI;2022-23;3;4;1;0,5;0,55;0,53
MAIGNAN;2022-23;18;12;-6;9,85;9,55;9,7
MAKENGO;2022-23;8;8;0;0,8;0,8;0,8
MALEH;2022-23;5;4;-1;1,9;1,85;1,88
MALINOVSKYI;2022-23;21;14;-7;1,25;0,9;1,07
MANCINI;2022-23;10;11;1;3,35;3,4;3,38
MANDRAGORA;2022-23;9;8;-1;0,45;0,4;0,43
MARCHIZZA;2022-23;2;3;1;1,1;1,15;1,12
MARIN;2022-23;8;9;1;2,1;2,15;2,12
MARIO RUI;2022-23;9;14;5;0,55;0,8;0,68
MARTINEZ L.;2022-23;34;36;2;14,05;14,15;14,1
MARTINEZ QUARTA;2022-23;4;9;5;1,6;1,85;1,73
MARUSIC;2022-23;8;9;1;0,2;0,25;0,23
MCKENNIE;2022-23;11;7;-4;3,95;3,75;3,85
MERET;2022-23;14;18;4;8,35;8,55;8,45
MESSIAS;2022-23;14;12;-2;0,3;0,2;0,25
MIGUEL VELOSO;2022-23;6;4;-2;0,4;0,3;0,35
MILENKOVIC;2022-23;12;9;-3;2,4;2,25;2,33
MILINKOVIC-SAVIC;2022-23;29;27;-2;6,65;6,55;6,6
MILINKOVIC-SAVIC V.;2022-23;1;12;11;6,8;7,35;7,07
MIRANCHUK;2022-23;8;21;13;2,85;3,5;3,17
MKHITARYAN;2022-23;16;13;-3;8,2;8,05;8,12
MONTIPO';2022-23;11;11;0;0,1;0,1;0,1
MORO;2022-23;1;1;0;2,8;2,8;2,8
MULDUR;2022-23;5;1;-4;0,55;0,35;0,45
MURIEL;2022-23;13;13;0;4,5;4,5;4,5
MUSSO;2022-23;13;12;-1;0,5;0,45;0,47
NASTASIC;2022-23;1;1;0;1,85;1,85;1,85
NIKOLAOU;2022-23;4;4;0;0,2;0,2;0,2
NUYTINCK;2022-23;7;4;-3;0,95;0,8;0,88
NZOLA;2022-23;13;26;13;3,65;4,3;3,97
ORSOLINI;2022-23;15;15;0;5;5;5
OSIMHEN;2022-23;40;40;0;12,45;12,45;12,45
PALOMINO;2022-23;10;4;-6;0,65;0,35;0,5
PARISI;2022-23;8;15;7;0,15;0,5;0,33
PASALIC;2022-23;14;14;0;2,5;2,5;2,5
PATRIC;2022-23;5;6;1;0,45;0,5;0,47
PEDRO;2022-23;19;19;0;4,05;4,05;4,05
PELLEGRI;2022-23;8;7;-1;0,1;0,05;0,08
PELLEGRINI LO.;2022-23;26;15;-11;1,3;0,75;1,02
PEREYRA;2022-23;18;19;1;4,9;4,95;4,93
PERIN;2022-23;1;7;6;0,4;0,7;0,55
PESSINA;2022-23;13;16;3;0,55;0,7;0,62
PETAGNA;2022-23;14;10;-4;1,65;1,45;1,55
PICCOLI;2022-23;12;3;-9;1,8;1,35;1,58
PINAMONTI;2022-23;14;13;-1;1,95;1,9;1,92
PINSOGLIO;2022-23;1;1;0;0,15;0,15;0,15
POBEGA;2022-23;9;7;-2;2,8;2,7;2,75
POLITANO;2022-23;15;18;3;0,9;1,05;0,98
PROVEDEL;2022-23;7;16;9;0,05;0,5;0,28
QUAGLIARELLA;2022-23;10;4;-6;2,25;1,95;2,1
RABIOT;2022-23;7;18;11;1,55;2,1;1,83
RAFAEL LEAO;2022-23;30;33;3;2,7;2,85;2,78
RASPADORI;2022-23;20;8;-12;5,65;5,05;5,35
REBIC;2022-23;18;16;-2;2,15;2,05;2,1
RICCI S.;2022-23;7;12;5;2,2;2,45;2,33
RODRIGO BECAO;2022-23;10;11;1;1,15;1,2;1,17
RODRIGUEZ R.;2022-23;8;8;0;0,8;0,8;0,8
ROGERIO;2022-23;5;6;1;1,85;1,9;1,88
ROMAGNOLI;2022-23;11;14;3;1,45;1,6;1,52
ROMERO L.;2022-23;2;4;2;0,7;0,8;0,75
ROVELLA;2022-23;3;6;3;0,55;0,7;0,62
RRAHMANI;2022-23;14;10;-4;0,4;0,2;0,3
RUGANI;2022-23;5;3;-2;0,1;0,05;0,08
RUGGERI;2022-23;1;3;2;2,05;2,15;2,1
RUI PATRICIO;2022-23;14;14;0;6;6;6
RUIZ;2022-23;19;18;-1;4,7;4,65;4,68
SAELEMAEKERS;2022-23;8;4;-4;2;1,8;1,9
SAMARDZIC;2022-23;8;21;13;0,45;1,1;0,78
SANABRIA;2022-23;21;18;-3;2,55;2,4;2,47
SANSONE;2022-23;6;4;-2;0,5;0,4;0,45
SAPONARA;2022-23;9;9;0;0,2;0,2;0,2
SCALVINI;2022-23;6;13;7;0,25;0,6;0,43
SCHOUTEN;2022-23;9;5;-4;0,15;0,05;0,1
SENSI;2022-23;12;11;-1;2,85;2,8;2,83
SHOMURODOV;2022-23;11;3;-8;1,35;0,95;1,15
SILVESTRI;2022-23;10;14;4;0,6;0,8;0,7
SIMEONE;2022-23;25;20;-5;1,8;1,55;1,68
SINGO;2022-23;13;6;-7;2,9;2,55;2,72
SIRIGU;2022-23;1;1;0;1,05;1,05;1,05
SKORUPSKI;2022-23;11;9;-2;0,65;0,55;0,6
SKRINIAR;2022-23;16;8;-8;2,35;1,95;2,15
SMALLING;2022-23;14;19;5;3,05;3,3;3,17
SOPPY;2022-23;7;5;-2;0,15;0,05;0,1
SORIANO;2022-23;12;11;-1;0,45;0,4;0,43
SOTTIL;2022-23;8;8;0;1,95;1,95;1,95
SOUMAORO;2022-23;5;5;0;0,05;0,05;0,05
SPINAZZOLA;2022-23;13;7;-6;2,5;2,2;2,35
SPORTIELLO;2022-23;1;7;6;0,25;0,55;0,4
SZCZESNY;2022-23;16;14;-2;2,3;2,2;2,25
TAMEZE;2022-23;14;6;-8;1,8;1,4;1,6
TATARUSANU;2022-23;1;8;7;0,05;0,4;0,23
TERRACCIANO;2022-23;1;9;8;0,5;0,9;0,7
TOLOI;2022-23;8;12;4;0,8;1;0,9
TOMORI;2022-23;15;13;-2;2;1,9;1,95
TONALI;2022-23;16;16;0;2,3;2,3;2,3
TRAORE' HJ.;2022-23;18;9;-9;1,25;0,8;1,02
UDOGIE;2022-23;13;15;2;4,55;4,65;4,6
VASQUEZ;2022-23;6;2;-4;0,1;0,05;0,08
VECINO;2022-23;7;10;3;2;2,15;2,08
VENUTI;2022-23;3;4;1;0,1;0,15;0,12
VERDE;2022-23;18;6;-12;0,95;0,35;0,65
VERDI;2022-23;13;11;-2;1,65;1,55;1,6
VICARIO;2022-23;9;16;7;1,4;1,75;1,57
VIGNATO;2022-23;3;2;-1;0,5;0,45;0,47
VINA;2022-23;3;1;-2;2,9;2,8;2,85
VLAHOVIC;2022-23;31;31;0;14,65;14,65;14,65
VOJVODA;2022-23;9;10;1;0,1;0,15;0,12
WALACE;2022-23;9;7;-2;0,5;0,4;0,45
YEPES;2022-23;3;1;-2;0,05;0,05;0,05
ZACCAGNI;2022-23;20;32;12;7,5;8,1;7,8
ZAKARIA;2022-23;10;10;0;3,05;3,05;3,05
ZALEWSKI;2022-23;7;9;2;1,6;1,7;1,65
ZAMBO ANGUISSA;2022-23;12;21;9;0,45;0,9;0,68
ZANIOLO;2022-23;19;9;-10;7;6,5;6,75
ZAPATA D.;2022-23;32;16;-16;11,9;11,1;11,5
ZAPPACOSTA;2022-23;10;4;-6;4,55;4,25;4,4
ZIELINSKI;2022-23;19;26;7;4,25;4,6;4,42
ZIMA;2022-23;5;4;-1;0,05;0,05;0,05
ZOET;2022-23;1;5;4;0,1;0,3;0,2
ZURKOWSKI;2022-23;8;1;-7;2,1;1,75;1,93
LUKAKU;2022-23;40;19;-21;16,1;15,05;15,58
ONANA;2022-23;1;13;12;0,05;0,65;0,35
OKOLI;2022-23;5;3;-2;0,55;0,45;0,5
WIJNALDUM;2022-23;16;8;-8;1;0,6;0,8
CEIDE;2022-23;2;4;2;1,55;1,65;1,6
HONGLA;2022-23;3;1;-2;0,05;0,05;0,05
BAYEYE;2022-23;1;2;1;0,05;0,1;0,08
VILHENA;2022-23;8;11;3;0,15;0,3;0,23
LUIS MAXIMIANO;2022-23;11;1;-10;5;4,5;4,75
KIM;2022-23;14;16;2;4;4,1;4,05
ISMAJLI;2022-23;4;8;4;0,05;0,25;0,15
OLIVERA;2022-23;7;9;2;0,15;0,25;0,2
LAZARO;2022-23;6;6;0;0,75;0,75;0,75
HJULMAND;2022-23;7;8;1;0,05;0,1;0,08
RANOCCHIA F.;2022-23;3;12;9;0,05;0,5;0,28
MIRETTI;2022-23;8;8;0;0,9;0,9;0,9
BOER;2022-23;1;1;0;0,05;0,05;0,05
SVILAR;2022-23;1;1;0;0,05;0,05;0,05
BIRINDELLI;2022-23;4;6;2;2;2,1;2,05
ILKHAN;2022-23;3;1;-2;0,7;0,6;0,65
LOVRIC;2022-23;6;16;10;0,5;1;0,75
MALDINI;2022-23;2;9;7;0,15;0,5;0,33
MEDEL;2022-23;7;7;0;0,05;0,05;0,05
CEESAY;2022-23;11;15;4;0,6;0,8;0,7
FAGIOLI;2022-23;3;12;9;0,25;0,7;0,47
TERZIC;2022-23;2;4;2;0,15;0,25;0,2
STREFEZZA;2022-23;14;26;12;1;1,6;1,3
KVARATSKHELIA;2022-23;21;31;10;10,5;11;10,75
CACACE;2022-23;3;2;-1;0,05;0,05;0,05
BARBERIS;2022-23;6;2;-4;0,05;0,05;0,05
LOOKMAN;2022-23;16;34;18;3,6;4,5;4,05
MARI';2022-23;10;7;-3;0,05;0,05;0,05
SABIRI;2022-23;15;5;-10;5,4;4,9;5,15
MARLON;2022-23;7;4;-3;1,2;1,05;1,12
LAMMERS;2022-23;14;10;-4;1,05;0,85;0,95
GHIGLIONE;2022-23;6;3;-3;0,05;0,05;0,05
GILA;2022-23;4;2;-2;0,15;0,05;0,1
COULIBALY L.;2022-23;5;9;4;0,1;0,3;0,2
DI FRANCESCO F.;2022-23;12;12;0;0,05;0,05;0,05
DODO';2022-23;14;7;-7;3,25;2,9;3,08
MASINA;2022-23;9;5;-4;2,25;2,05;2,15
LUCUMI';2022-23;10;6;-4;0,75;0,55;0,65
GOLLINI;2022-23;12;2;-10;4,5;4;4,25
VLASIC;2022-23;15;22;7;6;6,35;6,17
MARCOS ANTONIO;2022-23;10;3;-7;2,2;1,85;2,03
CARBONI;2022-23;6;1;-5;0,55;0,3;0,43
THORSTVEDT;2022-23;9;10;1;1,5;1,55;1,52
NDOMBELE';2022-23;11;6;-5;2,5;2,25;2,38
LOCHOSHVILI;2022-23;3;4;1;0,2;0,25;0,23
SUCCESS;2022-23;13;11;-2;0,5;0,4;0,45
BASCHIROTTO;2022-23;2;12;10;0,05;0,55;0,3
ADLI;2022-23;6;2;-4;0,05;0,05;0,05
DE KETELAERE;2022-23;20;10;-10;14;13,5;13,75
CARNESECCHI;2022-23;1;12;11;0,5;1,05;0,78
SCHUURS;2022-23;9;12;3;3;3,15;3,08
PEREZ N.;2022-23;7;9;2;0,7;0,8;0,75
CARLOS AUGUSTO;2022-23;8;18;10;1,5;2;1,75
EBOSELE;2022-23;2;1;-1;0,4;0,35;0,38
ORIGI;2022-23;17;12;-5;5,15;4,9;5,03
EDERSON D.S.;2022-23;8;8;0;0,95;0,95;0,95
DESSERS;2022-23;16;13;-3;0,7;0,55;0,62
FAZIO;2022-23;7;5;-2;0,05;0,05;0,05
LERIS;2022-23;3;4;1;0,05;0,1;0,08
OSTIGARD;2022-23;6;2;-4;0,05;0,05;0,05
COPPOLA D.;2022-23;1;2;1;0,25;0,3;0,28
JOVIC;2022-23;24;12;-12;10;9,4;9,7
KOSTIC;2022-23;18;16;-2;3,6;3,5;3,55
RADONJIC;2022-23;8;17;9;3,5;3,95;3,73
MATIC;2022-23;7;12;5;0,05;0,3;0,17
LINETTY;2022-23;4;7;3;0,05;0,2;0,12
PONGRACIC;2022-23;6;5;-1;0,2;0,15;0,18
STOJANOVIC;2022-23;7;4;-3;0,05;0,05;0,05
SEPE;2022-23;9;12;3;0,05;0,2;0,12
DI MARIA;2022-23;27;17;-10;7;6,5;6,75
POGBA;2022-23;23;12;-11;8;7,45;7,72
IBRAHIMOVIC;2022-23;12;2;-10;0,05;0,05;0,05
VALOTI;2022-23;5;2;-3;0,05;0,05;0,05
LASAGNA;2022-23;11;7;-4;1,1;0,9;1
MAZZOCCHI;2022-23;8;14;6;0,05;0,35;0,2
MOTA;2022-23;11;16;5;0,6;0,85;0,72
MATHEUS HENRIQUE;2022-23;7;6;-1;0,7;0,65;0,67
ESCALANTE;2022-23;3;3;0;0,05;0,05;0,05
VIGNATO S.;2022-23;1;1;0;0,05;0,05;0,05
MILIK;2022-23;20;26;6;2,9;3,2;3,05
POSCH;2022-23;14;16;2;0,3;0,4;0,35
BOVE;2022-23;1;2;1;0,05;0,1;0,08
KASIUS;2022-23;4;4;0;0,85;0,85;0,85
VRANCKX;2022-23;5;3;-2;0,5;0,4;0,45
THIAW;2022-23;6;4;-2;0,55;0,45;0,5
BOTHEIM;2022-23;12;8;-4;0,05;0,05;0,05
TERRACCIANO F.;2022-23;2;5;3;0,05;0,2;0,12
BALDANZI;2022-23;4;16;12;2;2,6;2,3
WINKS;2022-23;7;2;-5;1;0,75;0,88
COLOMBO;2022-23;6;14;8;1;1,4;1,2
DEST;2022-23;6;4;-2;1,5;1,4;1,45
ALVAREZ A.;2022-23;13;12;-1;3;2,95;2,98
FALCONE;2022-23;7;14;7;0,05;0,4;0,23
PUSSETTO;2022-23;6;2;-4;0,05;0,05;0,05
ZANIMACCHIA;2022-23;10;5;-5;0,05;0,05;0,05
PAREDES;2022-23;15;7;-8;4,3;3,9;4,1
CAMARA MA.;2022-23;8;8;0;0,05;0,05;0,05
DIA;2022-23;18;28;10;0,4;0,9;0,65
AMPADU;2022-23;6;8;2;0,05;0,15;0,1
LAURIENTE';2022-23;14;21;7;0,15;0,5;0,33
GENDREY;2022-23;5;5;0;0,05;0,05;0,05
VILLAR;2022-23;7;4;-3;0,05;0,05;0,05
UMTITI;2022-23;6;6;0;2,05;2,05;2,05
HOJLUND;2022-23;7;18;11;2,9;3,45;3,17
BONDO;2022-23;1;1;0;0,05;0,05;0,05
BELOTTI;2022-23;15;6;-9;1;0,55;0,78
TOLJAN;2022-23;6;4;-2;0,05;0,05;0,05
SOULE';2022-23;1;4;3;0,2;0,35;0,28
CELIK;2022-23;8;4;-4;0,45;0,25;0,35
MORO N.;2022-23;6;6;0;0,05;0,05;0,05
PIATEK;2022-23;14;17;3;0,05;0,2;0,12
KYRIAKOPOULOS;2022-23;8;8;0;2,25;2,25;2,25
SERNICOLA;2022-23;5;10;5;0,05;0,3;0,17
